publishTime,bidUrl,purchaser,link,bidAmount,title,type,uuid,content,bidList,proxy,bidWinner,companies,abs,province,stage,intro,id
1783070783000,https://m.tianyancha.com/app/h5/bid/233c6537243543c7bcd3736ea6058385?code=f906&icode=e0a9fda20dffbdce69b3d652f9e80f9b,中国建设银行股份有限公司湖南省分行,http://www.hntba.net.cn/articleDetails/12964869-ab2b-4341-9303-83e7b75e6545,,建行湖南省分行全行宣传品采购项目市场调研公告,招标公告,233c6537243543c7bcd3736ea6058385,<html><body><div></div><div><p>摘要 ：				</p></div><div>					<p>根据建行湖南省分行采购需要，现就“全行宣传用品项目<strong><strong></strong></strong><strong></strong><strong></strong><strong>”</strong><strong></strong>供应商进行市场调研。本次市场调研自发布之日起至2026年07月09日17:00止，现将有关事宜公告如下：</p><p></p><p><strong>一、特定资格条件</strong></p><p></p><p></p><p></p><p></p><p>      1.投标人2025年营业收入500万元及以上，须提供2025年度经会计师事务所审计的财务报告。</p><p></p><p>   2.投标人具备有效期内的《印刷经营许可证》。</p><p></p><p>      3.投标人2023年1月1日至本项目招标公告发布之日止，具有行政、企事业单位的宣传品（须含定制类商品）业绩案例，单个案例销售金额不少于50万元（包括合同金额或框架协议结算金额，合同对象非自然人）。提供合同+对应金额发票，或框架协议+对应金额发票作为证明材料。</p><p><strong>二、采购需求及报名步骤</strong><br></p><p>请使用谷歌浏览器（Chrome）打开龙集采网站首页（ibuy.ccb.com），点击进入【供应商征集】栏目，发布主体选择“分行”，地区选择“湖南省分行”，点击“查询”按钮，即可看到相关的征集公告和附件采购需求，打开对应征集公告后于页面最底部点击“征集报名”进行报名。</p><p></p><p><strong>三、联系方式</strong></p><p></p><p>钟经理：0731-85906546  </p><p></p><p>邮箱地址：zhongyixin.hn@ccb.com  </p><p>                                          </p><p>中国建设银行股份有限公司湖南省分行</p><p></p><p>2026年7月3日</p><p><br></p>			</div></body></html>,,[[]],,"[{""cgid"": 548932942, ""cname"": ""中国建设银行股份有限公司湖南省分行""}]",,湖南省,招标预告,,306379898
1783045548000,https://m.tianyancha.com/app/h5/bid/251889cc4e69459782cc8e1dde416a75?code=7a92&icode=dd250c1742f3eaf6a4fe6b53107236e4,中国建设银行股份有限公司湖南省分行,http://www.hntba.net.cn/articleDetails/3daea919-96ec-4397-b916-2545cd39e291,,建行湖南省分行长沙铁银支行物业服务项目市场调研公告,招标公告,251889cc4e69459782cc8e1dde416a75,<html><body><div></div><div><p>摘要 ：				</p></div><div>					<p>根据建行湖南省分行采购需要，现就“<strong>长沙铁银支行物业</strong><strong><strong>服务</strong></strong><strong></strong><strong></strong><strong>”</strong><strong></strong>供应商进行市场调研。本次市场调研自发布之日起至2026年07月09日17:00止，现将有关事宜公告如下：</p><p></p><p><strong>一、特定资格条件</strong></p><p></p><p></p><p></p><p>具备至少一个自2023年1月1日以来与政府或企业或事业单位合作的，单个合同结算金额在150万元（含）以上的类似物业服务的合同案例（类似物业服务是指合同中服务内容至少涵盖餐饮、保洁二项）。</p><p><strong>二、采购需求及报名步骤</strong></p><p>请使用谷歌浏览器（Chrome）打开龙集采网站首页（ibuy.ccb.com），点击进入【供应商征集】栏目，发布主体选择“分行”，地区选择“湖南省分行”，点击“查询”按钮，即可看到相关的征集公告和附件采购需求，打开对应征集公告后于页面最底部点击“征集报名”进行报名。</p><p></p><p><strong>三、联系方式</strong></p><p></p><p>钟经理：0731-85906546  </p><p></p><p>邮箱地址：zhongyixin.hn@ccb.com  </p><p>                                          </p><p>中国建设银行股份有限公司湖南省分行</p><p></p><p>2026年7月3日</p><p><br></p>			</div></body></html>,,[[]],,"[{""cgid"": 548932942, ""cname"": ""中国建设银行股份有限公司湖南省分行""}]",,湖南省,招标预告,,306369578
1783070100000,https://m.tianyancha.com/app/h5/bid/50c12039359d495a89830cd00bbd7825?code=bb5e&icode=b4aaa1a771bf4d4b793a105bc8c1c9ba,成都银行股份有限公司资阳分行,https://swueecg.com/api/purchasing/detail?n=0.5987659066223896&id=6250630f-e050-478c-88c5-19c548c63639&searchType=ZBHXRGS,,成都银行资阳分行2026年保安服务采购项目评标结果公示,中标结果,50c12039359d495a89830cd00bbd7825,"<h2 style=""box-sizing: inherit;padding: 0px;color: rgb(48, 49, 51);font-family: 'Source Han Sans CN', 'Noto Sans SC', 'Microsoft YaHei', 'PingFang SC', Arial, sans-serif;white-space: normal;scrollbar-width: inherit !important""><strong style=""box-sizing: inherit;scrollbar-width: inherit !important;padding: 0px"">成都银行资阳分行2026年保安服务采购项目</strong><strong style=""box-sizing: inherit;scrollbar-width: inherit !important;padding: 0px"">评标</strong><strong style=""box-sizing: inherit;scrollbar-width: inherit !important;padding: 0px"">结果公示</strong></h2><h2 style=""box-sizing: inherit;padding: 0px;color: rgb(48, 49, 51);font-family: 'Source Han Sans CN', 'Noto Sans SC', 'Microsoft YaHei', 'PingFang SC', Arial, sans-serif;white-space: normal;scrollbar-width: inherit !important""><strong style=""box-sizing: inherit;scrollbar-width: inherit !important;padding: 0px"">项目</strong><strong style=""box-sizing: inherit;scrollbar-width: inherit !important;padding: 0px"">编号：<span class=""bookmark item-tag"" style=""box-sizing: inherit;padding: 0px;scrollbar-width: inherit !important"">103(F)-2026-0037</span></strong></h2><p style=""box-sizing: inherit;padding: 0px;color: rgb(48, 49, 51);font-family: 'Source Han Sans CN', 'Noto Sans SC', 'Microsoft YaHei', 'PingFang SC', Arial, sans-serif;font-size: 14px;white-space: normal;scrollbar-width: inherit !important""><span style=""box-sizing: inherit;padding: 0px;list-style: none;scrollbar-width: inherit !important"">一、</span>项目基本信息：</p><p style=""box-sizing: inherit;padding: 0px;color: rgb(48, 49, 51);font-family: 'Source Han Sans CN', 'Noto Sans SC', 'Microsoft YaHei', 'PingFang SC', Arial, sans-serif;font-size: 14px;white-space: normal;scrollbar-width: inherit !important"">项目名称：<strong class=""bookmark item-tag"" style=""box-sizing: inherit;scrollbar-width: inherit !important;padding: 0px"">成都银行资阳分行2026年保安服务采购项目</strong></p><p style=""box-sizing: inherit;padding: 0px;color: rgb(48, 49, 51);font-family: 'Source Han Sans CN', 'Noto Sans SC', 'Microsoft YaHei', 'PingFang SC', Arial, sans-serif;font-size: 14px;white-space: normal;scrollbar-width: inherit !important"">项目编号：<strong class=""bookmark item-tag"" style=""box-sizing: inherit;scrollbar-width: inherit !important;padding: 0px"">103(F)-2026-0037</strong></p><p style=""box-sizing: inherit;padding: 0px;color: rgb(48, 49, 51);font-family: 'Source Han Sans CN', 'Noto Sans SC', 'Microsoft YaHei', 'PingFang SC', Arial, sans-serif;font-size: 14px;white-space: normal;scrollbar-width: inherit !important"">采购方式：<strong class=""bookmark mceNonEditable item-tag"" style=""box-sizing: inherit;scrollbar-width: inherit !important;padding: 0px"">竞争性磋商</strong></p><p style=""box-sizing: inherit;padding: 0px;color: rgb(48, 49, 51);font-family: 'Source Han Sans CN', 'Noto Sans SC', 'Microsoft YaHei', 'PingFang SC', Arial, sans-serif;font-size: 14px;white-space: normal;scrollbar-width: inherit !important"">评审方法：<span style=""box-sizing: inherit;padding: 0px;list-style: none;font-family: 宋体;scrollbar-width: inherit !important"">综合评分法</span></p><p style=""box-sizing: inherit;padding: 0px;color: rgb(48, 49, 51);font-family: 'Source Han Sans CN', 'Noto Sans SC', 'Microsoft YaHei', 'PingFang SC', Arial, sans-serif;font-size: 14px;white-space: normal;scrollbar-width: inherit !important"">项目内容：<span style=""box-sizing: inherit;padding: 0px;list-style: none;font-family: 宋体;scrollbar-width: inherit !important"">采购</span><span style=""box-sizing: inherit;padding: 0px;list-style: none;font-family: 宋体;scrollbar-width: inherit !important"">成都银行资阳分行保安服务年度供应商</span><span style=""box-sizing: inherit;padding: 0px;list-style: none;font-family: 宋体;scrollbar-width: inherit !important"">一名。</span></p><p style=""box-sizing: inherit;padding: 0px;color: rgb(48, 49, 51);font-family: 'Source Han Sans CN', 'Noto Sans SC', 'Microsoft YaHei', 'PingFang SC', Arial, sans-serif;font-size: 14px;white-space: normal;scrollbar-width: inherit !important"">范围：本项目划分为<strong class=""bookmark item-tag"" style=""box-sizing: inherit;scrollbar-width: inherit !important;padding: 0px"">1</strong>个包：</p><p style=""box-sizing: inherit;padding: 0px;color: rgb(48, 49, 51);font-family: 'Source Han Sans CN', 'Noto Sans SC', 'Microsoft YaHei', 'PingFang SC', Arial, sans-serif;font-size: 14px;white-space: normal;scrollbar-width: inherit !important""><span style=""box-sizing: inherit;padding: 0px;list-style: none;font-family: 宋体;scrollbar-width: inherit !important"">（</span><span style=""box-sizing: inherit;padding: 0px;list-style: none;font-family: 宋体;scrollbar-width: inherit !important"">01包）成都银行资阳分行2026年保安服务采购项目</span></p><p style=""box-sizing: inherit;padding: 0px;color: rgb(48, 49, 51);font-family: 'Source Han Sans CN', 'Noto Sans SC', 'Microsoft YaHei', 'PingFang SC', Arial, sans-serif;font-size: 14px;white-space: normal;scrollbar-width: inherit !important"">采购人：成都银行股份有限公司资阳分行</p><p style=""box-sizing: inherit;padding: 0px;color: rgb(48, 49, 51);font-family: 'Source Han Sans CN', 'Noto Sans SC', 'Microsoft YaHei', 'PingFang SC', Arial, sans-serif;font-size: 14px;white-space: normal;scrollbar-width: inherit !important"">二、候选供应商信息：</p><p style=""box-sizing: inherit;padding: 0px;color: rgb(48, 49, 51);font-family: 'Source Han Sans CN', 'Noto Sans SC', 'Microsoft YaHei', 'PingFang SC', Arial, sans-serif;font-size: 14px;white-space: normal;scrollbar-width: inherit !important""><span style=""box-sizing: inherit;padding: 0px;list-style: none;font-family: 宋体;scrollbar-width: inherit !important"">（</span><span style=""box-sizing: inherit;padding: 0px;list-style: none;font-family: 宋体;scrollbar-width: inherit !important"">01包）成都银行资阳分行2026年保安服务采购项目</span></p><p style=""box-sizing: inherit;padding: 0px;color: rgb(48, 49, 51);font-family: 'Source Han Sans CN', 'Noto Sans SC', 'Microsoft YaHei', 'PingFang SC', Arial, sans-serif;font-size: 14px;white-space: normal;scrollbar-width: inherit !important""><strong class=""bookmark item-tag"" style=""box-sizing: inherit;scrollbar-width: inherit !important;padding: 0px"">第一中标候选人：资阳保安有限责任公司；<br style=""box-sizing: inherit;padding: 0px;scrollbar-width: inherit !important"">第二中标候选人：四川震东保安服务有限公司；<br style=""box-sizing: inherit;padding: 0px;scrollbar-width: inherit !important"">第三中标候选人：四川北斗猎鹰保安服务有限公司；<br style=""box-sizing: inherit;padding: 0px;scrollbar-width: inherit !important""></strong></p><p style=""box-sizing: inherit;padding: 0px;color: rgb(48, 49, 51);font-family: 'Source Han Sans CN', 'Noto Sans SC', 'Microsoft YaHei', 'PingFang SC', Arial, sans-serif;font-size: 14px;white-space: normal;scrollbar-width: inherit !important"">三、公示日期：</p><p style=""box-sizing: inherit;padding: 0px;color: rgb(48, 49, 51);font-family: 'Source Han Sans CN', 'Noto Sans SC', 'Microsoft YaHei', 'PingFang SC', Arial, sans-serif;font-size: 14px;white-space: normal;scrollbar-width: inherit !important"">公示开始时间：<strong class=""bookmark item-tag"" style=""box-sizing: inherit;scrollbar-width: inherit !important;padding: 0px"">2026年07月03日</strong></p><p style=""box-sizing: inherit;padding: 0px;color: rgb(48, 49, 51);font-family: 'Source Han Sans CN', 'Noto Sans SC', 'Microsoft YaHei', 'PingFang SC', Arial, sans-serif;font-size: 14px;white-space: normal;scrollbar-width: inherit !important"">公示截止时间：<strong class=""bookmark item-tag"" style=""box-sizing: inherit;scrollbar-width: inherit !important;padding: 0px"">2026年07月06日</strong></p><p style=""box-sizing: inherit;padding: 0px;color: rgb(48, 49, 51);font-family: 'Source Han Sans CN', 'Noto Sans SC', 'Microsoft YaHei', 'PingFang SC', Arial, sans-serif;font-size: 14px;white-space: normal;scrollbar-width: inherit !important"">四、公告发布的媒介</p><p style=""box-sizing: inherit;padding: 0px;color: rgb(48, 49, 51);font-family: 'Source Han Sans CN', 'Noto Sans SC', 'Microsoft YaHei', 'PingFang SC', Arial, sans-serif;font-size: 14px;white-space: normal;scrollbar-width: inherit !important""><span style=""box-sizing: inherit;padding: 0px;list-style: none;font-family: 宋体;scrollbar-width: inherit !important"">本次采购公告在成都银行网站（</span><span style=""box-sizing: inherit;padding: 0px;list-style: none;font-family: 宋体;scrollbar-width: inherit !important"">www.bocd.com.cn）、成都银行电子采购系统门户网站（https://pcms.bocd.com.cn/cms/）、成都市公共资源交易服务中心网站（www.cdggzy.com）、成都市政府门户网站、成都市国资委网站、成都发布、蓉城政事和金采网（www.cfcpn.com）、西南联合产权交易所阳光采购平台官网（http://swueecg.com/#/index）以公告形式发布，其他媒介转载无效。</span></p><p style=""box-sizing: inherit;padding: 0px;color: rgb(48, 49, 51);font-family: 'Source Han Sans CN', 'Noto Sans SC', 'Microsoft YaHei', 'PingFang SC', Arial, sans-serif;font-size: 14px;white-space: normal;scrollbar-width: inherit !important""> </p><p style=""box-sizing: inherit;padding: 0px;color: rgb(48, 49, 51);font-family: 'Source Han Sans CN', 'Noto Sans SC', 'Microsoft YaHei', 'PingFang SC', Arial, sans-serif;font-size: 14px;white-space: normal;scrollbar-width: inherit !important"">五、联系方式</p><p style=""box-sizing: inherit;padding: 0px;color: rgb(48, 49, 51);font-family: 'Source Han Sans CN', 'Noto Sans SC', 'Microsoft YaHei', 'PingFang SC', Arial, sans-serif;font-size: 14px;white-space: normal;scrollbar-width: inherit !important""><span style=""box-sizing: inherit;padding: 0px;list-style: none;font-family: 宋体;scrollbar-width: inherit !important"">采购人：成都银行股份有限公司资阳分行</span></p><p style=""box-sizing: inherit;padding: 0px;color: rgb(48, 49, 51);font-family: 'Source Han Sans CN', 'Noto Sans SC', 'Microsoft YaHei', 'PingFang SC', Arial, sans-serif;font-size: 14px;white-space: normal;scrollbar-width: inherit !important""><span style=""box-sizing: inherit;padding: 0px;list-style: none;font-family: 宋体;scrollbar-width: inherit !important"">地址：资阳市雁江区建设北路二段</span><span style=""box-sizing: inherit;padding: 0px;list-style: none;font-family: 宋体;scrollbar-width: inherit !important"">136、138、138-1、138-2号</span></p><p style=""box-sizing: inherit;padding: 0px;color: rgb(48, 49, 51);font-family: 'Source Han Sans CN', 'Noto Sans SC', 'Microsoft YaHei', 'PingFang SC', Arial, sans-serif;font-size: 14px;white-space: normal;scrollbar-width: inherit !important""><span style=""box-sizing: inherit;padding: 0px;list-style: none;font-family: 宋体;scrollbar-width: inherit !important"">联系人：高老师</span></p><p style=""box-sizing: inherit;padding: 0px;color: rgb(48, 49, 51);font-family: 'Source Han Sans CN', 'Noto Sans SC', 'Microsoft YaHei', 'PingFang SC', Arial, sans-serif;font-size: 14px;white-space: normal;scrollbar-width: inherit !important""><span style=""box-sizing: inherit;padding: 0px;list-style: none;font-family: 宋体;scrollbar-width: inherit !important"">电话：</span><span style=""box-sizing: inherit;padding: 0px;list-style: none;font-family: 宋体;scrollbar-width: inherit !important"">028-26628855</span></p><p style=""box-sizing: inherit;padding: 0px;color: rgb(48, 49, 51);font-family: 'Source Han Sans CN', 'Noto Sans SC', 'Microsoft YaHei', 'PingFang SC', Arial, sans-serif;font-size: 14px;white-space: normal;scrollbar-width: inherit !important""> </p><p style=""box-sizing: inherit;padding: 0px;color: rgb(48, 49, 51);font-family: 'Source Han Sans CN', 'Noto Sans SC', 'Microsoft YaHei', 'PingFang SC', Arial, sans-serif;font-size: 14px;white-space: normal;scrollbar-width: inherit !important""><span style=""box-sizing: inherit;padding: 0px;list-style: none;font-family: 宋体;scrollbar-width: inherit !important"">代理机构名称：四川天府阳光招标代理有限公司</span></p><p style=""box-sizing: inherit;padding: 0px;color: rgb(48, 49, 51);font-family: 'Source Han Sans CN', 'Noto Sans SC', 'Microsoft YaHei', 'PingFang SC', Arial, sans-serif;font-size: 14px;white-space: normal;scrollbar-width: inherit !important""><span style=""box-sizing: inherit;padding: 0px;list-style: none;font-family: 宋体;scrollbar-width: inherit !important"">代理机构地址：成都市高新区天府二街</span><span style=""box-sizing: inherit;padding: 0px;list-style: none;font-family: 宋体;scrollbar-width: inherit !important"">151号环球领地金融中心A座9层</span></p><p style=""box-sizing: inherit;padding: 0px;color: rgb(48, 49, 51);font-family: 'Source Han Sans CN', 'Noto Sans SC', 'Microsoft YaHei', 'PingFang SC', Arial, sans-serif;font-size: 14px;white-space: normal;scrollbar-width: inherit !important""><span style=""box-sizing: inherit;padding: 0px;list-style: none;font-family: 宋体;scrollbar-width: inherit !important"">代理机构联系人：包女士</span></p><p style=""box-sizing: inherit;padding: 0px;color: rgb(48, 49, 51);font-family: 'Source Han Sans CN', 'Noto Sans SC', 'Microsoft YaHei', 'PingFang SC', Arial, sans-serif;font-size: 14px;white-space: normal;scrollbar-width: inherit !important""><span style=""box-sizing: inherit;padding: 0px;list-style: none;font-family: 宋体;scrollbar-width: inherit !important"">代理机构联系方式：</span><span style=""box-sizing: inherit;padding: 0px;list-style: none;font-family: 宋体;scrollbar-width: inherit !important"">028-81585262</span></p><p style=""box-sizing: inherit;padding: 0px;color: rgb(48, 49, 51);font-family: 'Source Han Sans CN', 'Noto Sans SC', 'Microsoft YaHei', 'PingFang SC', Arial, sans-serif;font-size: 14px;white-space: normal;scrollbar-width: inherit !important""> </p><p style=""box-sizing: inherit;padding: 0px;color: rgb(48, 49, 51);font-family: 'Source Han Sans CN', 'Noto Sans SC', 'Microsoft YaHei', 'PingFang SC', Arial, sans-serif;font-size: 14px;white-space: normal;scrollbar-width: inherit !important"">六、监督投诉渠道</p><p style=""box-sizing: inherit;padding: 0px;color: rgb(48, 49, 51);font-family: 'Source Han Sans CN', 'Noto Sans SC', 'Microsoft YaHei', 'PingFang SC', Arial, sans-serif;font-size: 14px;white-space: normal;scrollbar-width: inherit !important"">监督人：成都银行股份有限公司</p><p style=""box-sizing: inherit;padding: 0px;color: rgb(48, 49, 51);font-family: 'Source Han Sans CN', 'Noto Sans SC', 'Microsoft YaHei', 'PingFang SC', Arial, sans-serif;font-size: 14px;white-space: normal;scrollbar-width: inherit !important"">联系人：王老师</p><p style=""box-sizing: inherit;padding: 0px;color: rgb(48, 49, 51);font-family: 'Source Han Sans CN', 'Noto Sans SC', 'Microsoft YaHei', 'PingFang SC', Arial, sans-serif;font-size: 14px;white-space: normal;scrollbar-width: inherit !important"">联系电话：028-86160418</p><p><br></p>",,[[]],资阳保安有限责任公司,"[{""cgid"": 398341195, ""cname"": ""四川天府阳光招标代理有限公司""}, {""cgid"": 3168246583, ""cname"": ""四川北斗猎鹰保安服务有限公司""}, {""cgid"": 2316292163, ""cname"": ""资阳保安有限责任公司""}, {""cgid"": 3346346723, ""cname"": ""四川震东保安服务有限公司""}, {""cgid"": 3097763296, ""cname"": ""成都市公共资源交易服务中心（成都市政府采购中心）""}, {""cgid"": 179986257, ""cname"": ""成都银行股份有限公司""}, {""cgid"": 2331050846, ""cname"": ""成都银行股份有限公司资阳分行""}]",,四川省,中标,,306392401
1783267200000,https://m.tianyancha.com/app/h5/bid/5ee845817aa44f0b9c42af6bf3988d75?code=cd14&icode=75201ceb178f71ce7c9083df39da4819,绵阳市商业银行股份有限公司,https://www.mycc-bank.com/myccb/yhgg/whgg/6833.html,,文本过大+关于营改增系统维保服务项目单一来源采购的公告,招标公告,5ee845817aa44f0b9c42af6bf3988d75,"<html><body><div><div class=""mainright2 word2"">       <p><strong><span>一、项目编号：</span></strong><span>MYCCB-CGZX-2026-</span><span>123</span></p><p><strong><span>二、项目名称：</span></strong><span>营改增系统维保服务项目</span></p><p><strong><span>三、资金来源：</span></strong><span>自筹资金</span></p><p><strong><span>四、项目简介：</span></strong><span>我行营改增系统由</span><span>用友金融信息技术股份有限公司</span><span>承建，系统投产至今运行稳定，无重大生产事件发生，现该系统维保即将到期，为保障我行系统正常运行，拟启动新年度维保采购工作。</span></p><p><strong><span>五、采用单一来源采购方式的原因及说明：</span></strong></p><p><span>我行</span><span>营改增系统</span><span>是由</span><span>用友金融信息技术股份有限公司</span><span>承建，本次采购内容是原厂维保服务，其公司提供的技术服务完全满足我行需求。</span></p><p><span><span>综上所述，该项目符合我行采购管理办法适用单一来源采购方式中</span><span>“只能从唯一供应商处采购”的情形，拟采用单一来源采购方式实施采购。</span></span></p><p><strong><span>六、拟定供应商信息：</span></strong></p><p><span>供应商名称：</span><span>用友金融信息技术股份有限公司</span></p><p><span>地址：</span><span><span>北京市海淀区北清路</span>68号院8号楼101房间</span></p><p><strong><span>七、采购文件获取方式、时间、地点：</span></strong></p><p><span>（一）报名及文件领取日期为：</span></p><p><span>2026年7月6日9:00至2026年7月10日17:00（不含节假日）。</span></p><p><span><span>（二）报名方式：邮件报名（邮件名称：项目名称</span><span>+单位名称），邮件正文中需写明本项目联系人及联系方式。</span></span></p><p><span>（三）在领取采购文件时应请提供以下资料：</span></p><p><span>1.公司营业执照复印件（提供复印件需加盖单位公章，法定代表人为同一个人的两个及两个人以上企业法人，只能有一个单位参加本项目的采购）；</span></p><p><span>2.公司授权书（格式自拟）；</span></p><p><span>3.授权人及被授权人身份证复印件；</span></p><p><span>以上资料均需加盖申请人单位公章的扫描件。</span></p><p><strong><span>八、公示期限：</span></strong><strong><span>5</span></strong><strong><span>个工作日</span></strong></p><p><strong><span>九、公示地址：</span></strong></p><p><span><span>本项目以公示形式在绵阳市商业银行官网（</span><span>w</span></span><span>ww.mycc-bank.com</span><span>）上发布。</span></p><p><strong><span>十、联系方式</span></strong></p><p><span>采购人：绵阳市商业银行股份有限公司</span></p><p><span><span>地</span>  <span>址：四川省绵阳市涪城区临园路西段文竹街</span><span>3号绵阳市商业银行总行大楼801室</span></span></p><p><span>联系人：吴老师</span></p><p><span><span>电</span>  <span>话：</span></span><span>0816-2537633</span></p><p><span><span>邮</span> </span><span> </span><span>箱：</span><p href=""mailto:wuhx0278@mycc-bank.com""><span><span>wuhx0278@mycc-bank.com</span></span></p></p><p><span><br></span></p><p><span><br></span></p><p><span><br></span></p><p><span><br></span></p><p><span><br></span></p><p><span><br></span></p><p><span><br></span></p><p><span><br></span></p><p><span><font>                                 </font>2026年7月</span><span>2</span><span>日</span></p><p><br></p>                      <p class=""clearfix h40""></p> </div>    </div></body></html>",,[[]],,"[{""cgid"": 216318605, ""cname"": ""绵阳市商业银行股份有限公司""}, {""cgid"": 2353004954, ""cname"": ""用友金融信息技术股份有限公司""}]",,四川省,其他,,306618455
1783142101000,https://m.tianyancha.com/app/h5/bid/6c5a36af2ac145248d264dcf55f4701d?code=ac88&icode=c8d2196307bed2cfa23e8ad496adb5c8,中国人民银行清算总中心,https://mkt.zycg.gov.cn/proxy/platform/platform/notice/queryMallNoticeById?platformId=20&id=793178,,中国人民银行清算总中心采购电子验收单公示,中标结果,6c5a36af2ac145248d264dcf55f4701d,"<div style=""margin-left:20px;margin-right:20px;margin-bottom:50px;font-size:16px;"">    <div style=""margin-top: 20px"">        <div style=""display:table-cell;width: 100px;font-weight:700;text-align: right""><span>上级单位：</span></div>        <div style=""display:table-cell;width: 350px"">中国人民银行</div>        <div style=""display:table-cell;width: 100px;font-weight:700;text-align: right""><span>验收单号：</span></div>        <div style=""display:table-cell;width: 350px"">YS26070490783220</div>    </div>    <div style=""margin-top: 20px"">        <div style=""display:table-cell;width: 100px;font-weight:700;text-align: right""><span>采购单位：</span></div>        <div style=""display:table-cell;width: 350px"">中国人民银行清算总中心</div>        <div style=""display:table-cell;width: 100px;font-weight:700;text-align: right""><span>供货单位：</span></div>        <div style=""display:table-cell;width: 350px"">北京智鑫盛通科技有限公司</div>    </div>    <div style=""margin-top: 50px;"">        <a target=""_blank"" href=""//zycgdzmc-pro.obs.cn-north1.ctyun.cn/中国人民银行清算总中心货物项目DD26070410623220_niTMHT.pdf"" style=""color: #207AD6"">中国人民银行清算总中心货物项目DD26070410623220_niTMHT.pdf</a>    </div></div>",,[[]],北京智鑫盛通科技有限公司,"[{""cgid"": 6610957525, ""cname"": ""北京智鑫盛通科技有限公司""}, {""cgid"": 3225449068, ""cname"": ""中国人民银行清算总中心""}]",,北京市,合同公示,,306517220
1783267200000,https://m.tianyancha.com/app/h5/bid/757b2dcecce4444fbeea2347ff40545b?code=402e&icode=cdedc172e54207a968767bffaafab9d2,绵阳市商业银行股份有限公司,https://www.mycc-bank.com/myccb/yhgg/whgg/6832.html,,关于银联前置系统建设项目竞争性磋商的公告,招标公告,757b2dcecce4444fbeea2347ff40545b,"<html><body><p>2026/07/02 11:03:00    	    	   </p><p>绵阳市商业银行股份有限公司拟对<strong>银联前置系统建设项目</strong>采用竞争性磋商方式进行采购，兹邀请符合本次采购要求的供应商参加本项目的竞争性磋商。</p><p><strong>一、项目编号：</strong>MYCCB-CGZX-2026-111</p><p><strong>二、项目名称：</strong>银联前置系统建设项目</p><p><strong>三、资金来源：</strong>自筹资金</p><p><strong>四、供应商邀请方式：</strong></p><p>本项目以公告形式在绵阳市商业银行官网（www.mycc-bank.com）上发布。</p><p><strong>五、供应商参加本次采购活动应具备下列条件：</strong></p><p>（一）参与磋商的供应商应符合以下条件：</p><p>1.具有独立承担民事责任的能力；</p><p>2.具有良好的商业信誉和健全的财务会计制度；</p><p>3.具有履行合同所必需的设备和专业技术能力；</p><p>4.具有依法缴纳税收和社会保障资金的良好记录；</p><p>5.参加本次采购活动前三年内，在经营活动中没有重大违法违规记录；</p><p>6.法律、行政法规规定的其他条件。</p><p>（二）供应商单位及其现任法定代表人、主要负责人没有行贿犯罪记录；</p><p>（三）本次采购项目不接受联合体磋商；</p><p>（四）供应商应报名参与本项目；</p><p>（五）本项目其他条件。</p><p><strong>六、禁止参加本次采购活动的供应商</strong></p><p>通过“信用中国”网站（www.creditchina.gov.cn）、“中国政府采购网”网站（www.ccgp.gov.cn）等渠道中，供应商信用记录被列入失信被执行人名单、重大税收违法案件当事人名单、政府采购严重违法失信行为记录名单中的供应商（以联合体形式参加采购活动，联合体成员存在不良信用记录的，视同联合体存在不良信用记录），资格审查不予通过，其响应文件作无效处理。若被列入采购人禁用供应商名单中的，将取消其报名资格。</p><p><strong>七、磋商文件获取方式、时间、地点</strong></p><p>（一）报名及文件领取日期为：</p><p>2026年7月6日9:00至2026年7月10日17:00（不含节假日）</p><p>（二）报名方式：</p><p>邮件报名（邮件名称：项目名称+单位名称），邮件正文中需写明本项目联系人及联系方式。</p><p>（三）在领取采购文件时应请提供以下资料：</p><p>1.公司营业执照复印件（提供复印件需加盖单位公章，法定代表人为同一个人的两个及两个人以上企业法人，只能有一个单位参加本项目的采购）；</p><p>2.公司授权书（格式自拟）；</p><p>3.授权人及被授权人身份证复印件；</p><p>以上资料均需加盖申请人单位公章的扫描件，并保存为一个PDF文档。</p><p><strong>八、递交响应文件截止时间：</strong></p><p><span name=""OLE_LINK1""></span>2026年7月22日9:30（北京时间）</p><p><strong>九、递交响应文件地点：</strong></p><p>响应文件必须在递交响应文件截止时间前送达四川省绵阳市涪城区临园路西段文竹街3号绵阳市商业银行总行大楼1003室。逾期送达、密封和标注错误的响应文件，恕不接收。</p><p><strong>十、响应文件开启时间：</strong></p><p>2026年7月22日9:30（北京时间）在磋商地点开启。</p><p><strong>十一、磋商地点：</strong></p><p>四川省绵阳市涪城区临园路西段文竹街3号绵阳市商业银行总行大楼1003室</p><p><strong>十二、联系方式</strong></p><p>采购人：绵阳市商业银行股份有限公司</p><p>地  址：四川省绵阳市涪城区临园路西段文竹街3号绵阳市商业银行总行大楼801室</p><p>联系人：吴老师</p><p>电  话：0816-2537633</p><p>邮  箱：<span>wuhx0278@mycc-bank.com</span></p><p><br></p><p><br></p><p><br></p><p><br></p><p><br></p><p><br></p><p><br></p><p><br></p><p>                               2026年7月2日</p><p><br></p>                      <div></div>     </body></html>",,[[]],,"[{""cgid"": 216318605, ""cname"": ""绵阳市商业银行股份有限公司""}]",,四川省,其他,,306618456
1783180800000,https://m.tianyancha.com/app/h5/bid/75934d41f9d349869c66e416d4d11b45?code=0059&icode=2e8d0daa21e67d71bc6c9d72e2bb91cd,河南农村商业银行股份有限公司内黄支行,http://www.zgdlzb.cn/news/202607/05/707793.html,,河南农村商业银行内黄支行柜面业务服务外包项目招标公告,招标公告,75934d41f9d349869c66e416d4d11b45,"<html><body><p></p><div>核心提示：河南农村商业银行内黄支行柜面业务服务外包项目招标公告河南兴达工程咨询 受河南农村商业银行股份 内黄支行的委托，就河南农村商</div><div><div>河南农村商业银行内黄支行柜面业务服务外包项目      招标公告      河南兴达工程咨询 受河南农村商业银行股份 内黄支行的委托，就河南农村商业银行内黄支行柜面业务服务外包项目进行公开招标，现欢迎符合相应条件的投标人参加投标。      一、项目名称：河南农村商业银行内黄支行柜面业务服务外包项目      二、项目概况      1.招标范围：河南农村商业银行内黄支行柜面业务服务，具体详见第五章项目要求。      2.标段划分：共划分为一个标段；      3.中标人数量：1名；      4.服务       三、投标人资格要求      1.投标人应是在中华人民共和国境内合法注册的法人组织或非法人组织，具有有效的营业执照或其他合法的主体资格相关证照（提供相应证照扫描件）；      2.投标人具有人力资源服务许可证及劳务派遣经营许可证（提供证书复印件）。      3.投标人业绩：投标人自2023年1月1日以来至少具有1项类似项目业绩【业绩证明资料需提供合同（协议书），时间以合同签订日期为准】。      4.具有良好的商业信誉和健全的财务会计制度（提供2024年度或2025年度的财务审计报告，成立不足一年的，须提供        5.具有履行合同所必需的设备和专业技术能力（提供加盖投标人公章的声明函）；      6.有依法缴纳税收和社会保障资金的良好记录，提供2026年1月1日以来任意一个月依法缴纳税收和社会保障资金的相关材料（依法免税或不需要缴纳社会保障资金的投标人，应提供相应文件）；      7.参加采购活动前三年内，在经营活动中没有重大违法记录，与河南省农村信用社辖内任何单位合作过程中没有违法或不良记录（提供加盖投标人公章的声明函）      8.供应商被列入失信被执行人、重大税收违法失信主体、政府采购严重违法失信行为记录名单的禁止参加本次招标。供应商通过“信用中国”网站 查询是否被列入重大税收违法失信主体、政府采购严重违法失信行为记录名单；通过“中国执行信息公开网”网站（zxgk.court.gov.cn/）查询相关主体（包括供应商、法定代表人）是否为失信被执行人，并提供查询网页。      注：供应商未提供或提供截图模糊或有瑕疵的，以招标代理机构在评审现场进行查询为准。      9.法定代表人为同一人或者存在控股、管理关系的不同单位，不得参加同一招标项目同一标段的投标，提供“国家企业信用信息公示系统”单位基础信息及股东组成网页查询结果，并加盖公章；没有股东信息的，提供从“天眼查”系统打印的股东股权信息查询结果，并加盖公章。      10.本次招标不接受联合体投标。      四、  <p>未在中国电力招标采购网（www.dlztb.com）上注册会员的单位应先点击注册。登录成功后的在招标会员区根据招标公告的相应说明获取招标文件！<br>咨询电话：010-51957458 <br>  手 机：18811547188<br>  联系人：李杨<br>   QQ:1211306049 <br>  微信：Li18811547188 <br>  邮箱：1211306049@qq.com<br>  来源：中国电力招标采购网 <br>  备注：欲购买招标文件的潜在投标人,注册网站并缴纳因特网技术服务费后，查看项目业主，招标公告并下载资格预审范围，资质要求，招标清单，报名申请表等。为保证您能够顺利投标，具体要求及购买标书操作流程按会员区招标信息详细内容为准，以招标业主的解答为准本。<br> 编辑：365trade</p></div></div><div> </div><div><strong>标签：</strong><span target=""_blank"">河南农村商业银行内黄支行柜面业务服务外包项目招标公告</span></div><div> </div><div><span><i>></i></span><strong>同类资讯</strong></div><div></div><br></body></html>",,[[]],,"[{""cgid"": 7789509204, ""cname"": ""河南农村商业银行股份有限公司内黄支行""}]",,河南省,招标公告,,306616954
1783067245000,https://m.tianyancha.com/app/h5/bid/77e63a3537a9484288e8157b4493f084?code=cc48&icode=e4299af1583f20ca1c571626047bb98d,中国建设银行股份有限公司湖南省分行,http://www.hntba.net.cn/articleDetails/71754660-8720-4282-9c89-8a8f707e4043,,建行湖南省分行2026年度芙蓉路户外大屏广告服务采购项目（第二次）供应商征集公告,招标公告,77e63a3537a9484288e8157b4493f084,<html><body><div></div><div><p>摘要 ：				</p></div><div>					<p>根据建行湖南省分行采购需要，现就“<strong></strong><strong><strong>2026年度芙蓉路户外大屏广告</strong><strong>服务采购项目（第二次）</strong></strong><strong></strong><strong></strong><strong>”</strong><strong></strong>供应商进行公开征集。本次公开征集自发布之日起至2026年07月10日17:00止，现将有关事宜公告如下：</p><p></p><p><strong>一、特定资格条件</strong></p><p></p><p></p><p></p><p>具备芙蓉路户外大屏广告资源。</p><p><strong>二、采购需求及报名步骤</strong></p><p>请使用谷歌浏览器（Chrome）打开龙集采网站首页（ibuy.ccb.com），点击进入【供应商征集】栏目，发布主体选择“分行”，地区选择“湖南省分行”，点击“查询”按钮，即可看到相关的征集公告和采购需求，打开对应征集公告后于页面最底部点击“征集报名”进行报名。</p><p></p><p><strong>三、联系方式</strong></p><p></p><p>钟经理：0731-85906546  </p><p></p><p>邮箱地址：zhongyixin.hn@ccb.com  </p><p>                                          </p><p>中国建设银行股份有限公司湖南省分行</p><p></p><p>2026年7月3日</p><p><br></p>			</div></body></html>,,[[]],,"[{""cgid"": 548932942, ""cname"": ""中国建设银行股份有限公司湖南省分行""}]",,湖南省,招标预告,,306380745
1783056973000,https://m.tianyancha.com/app/h5/bid/7832db113b5c4098b083f5e2fad15f07?code=f9ee&icode=5a9303ea797faecd800b78dbcb3ebfb3,贵州银行股份有限公司,https://ggzy.guizhou.gov.cn/tradeInfo/detailHtml?metaId=1232897300829966336,,贵州银行应用软件开发服务采购项目（统一支付平台XC改造项目）流标公示,中标结果,7832db113b5c4098b083f5e2fad15f07,"<html><body><p>                        </p><div>            <div>                <p> 贵州银行应用软件开发服务采购项目（统一支付平台XC改造项目） 异常公示</p><p> </p><p><strong>项目名称：</strong>贵州银行应用软件开发服务采购项目（统一支付平台XC改造项目）</p><p><strong>项目编号：</strong>GQQY-ZB2026060092</p><p><strong>采购方式：</strong>招标采购</p><p><strong>邀请范围：</strong>公开</p><p><strong>标段名称：</strong>贵州银行应用软件开发服务采购项目（统一支付平台XC改造项目）</p><p><strong>标段编号：</strong>GQQY-ZB2026060092-001</p><p><strong>标段内容：</strong>贵州银行应用软件开发服务采购项目（统一支付平台XC改造项目）</p><p>流标</p><p>参与投标供应商不足三家，项目流标。</p><p><strong>公示媒体：</strong>黔云招采电子招标采购交易平台,贵州省国有企业生产资料综合服务平台,贵州省公共资源交易中心,贵州省招标投标公共服务平台, </p><p><strong>公示期：</strong>/</p><p>/</p><p>招标人：贵州银行股份有限公司</p><p>联系地址：贵州省贵阳市观山湖永昌路9号</p><p>联系人：桂老师</p><p>联系电话：18275147173</p><p>监督人名称：</p><p>联系电话：</p><p>​<br></p><p>招标代理：贵州卫虹招标有限公司</p><p>联系地址：贵州省贵阳市云岩区中华中路时代广场1幢18层1-4号</p><p>联系人：卢凯、吴国仙、罗进梅</p><p>联系电话：18798040408</p><p> </p><p>招标人或其招标代理机构主要负责人（项目负责人）：                （签名）</p><p>招标人或其招标代理机构：                （签章）</p><p></p><p>​<br></p><p><br></p>            </div>        </div>    </body></html>",,[[]],,"[{""cgid"": 3019276396, ""cname"": ""贵州卫虹招标有限公司""}, {""cgid"": 863081964, ""cname"": ""贵州银行股份有限公司""}, {""cgid"": 596058574, ""cname"": ""贵州省公共资源交易中心""}]",,贵州省,流标,,306381623
1783180800000,https://m.tianyancha.com/app/h5/bid/878c94b7e7b04e3b8e1cbf5e307cb598?code=ebb2&icode=aadcc3ba2c44c09972fffa2f7ec9807f,兴业银行股份有限公司哈尔滨分行,http://www.hljtendering.com.cn/newsshow/?id=30571,,兴业银行哈尔滨分行二〇二六年信用业务抵押物评估服务招标采购项目-结果公告,中标结果,878c94b7e7b04e3b8e1cbf5e307cb598,"<html><body><p>            中  标  公  示       </p><div>    <p> 兴业银行哈尔滨分行二〇二六年信用业务抵押物评估服务招标采购项目 </p>    <p> 中标结果公告 </p>    <p> （招标编号：HTCL-ZB-264047） </p>    <p> 一、中标人信息 </p>    <table cellspacing=""0"" cellpadding=""0"">     <tbody>     <tr>       <td rowspan=""2""> <p> 中标人名称 </p> </td>       <td colspan=""3""> <p> 中标价 </p> </td>      </tr>      <tr>       <td> <p> 住宅类押品评估价格（元/件） </p> </td>       <td> <p> 其他押品类评估价格 </p> </td>       <td> <p> 特殊资产评估 </p> <p> （不良资产债权）(元/笔) </p> </td>      </tr>      <tr>       <td> <p> 北京国信达房地产土地资产评估有限公司 </p> </td>       <td> <p> 130  </p> </td>       <td> <p> 国家标准价格2.3折 （即国家标准价格23 %）      </p> </td>       <td> <p> 单笔不高于4000元/笔（包括一处押品评估），多处押品的，每增加一处押品，评估价增加不超过3000元/笔；单个债权资产最高不超过15000元。 </p> </td>      </tr>      <tr>       <td> <p> 深圳云上土地房地产资产评估咨询有限公司 </p> </td>       <td> <p> 140 </p> </td>       <td> <p> 国家标准价格2.5折 （即国家标准价格25 %）      </p> </td>       <td> <p> 单笔不高于3000元/笔（包括一处押品评估），多处押品的，每增加一处押品，评估价增加不超过3000元/笔；单个债权资产最高不超过15000元。 </p> </td>      </tr>      <tr>       <td> <p> 黑龙江天信土地房地产资产评估有限公司 </p> </td>       <td> <p> 150 </p> </td>       <td> <p> 国家标准价格1.8折 （即国家标准价格18%）      </p> </td>       <td> <p> 单笔不高于3000元/笔（包括一处押品评估），多处押品的，每增加一处押品，评估价增加不超过1000元/笔；单个债权资产最高不超过6000元。 </p> </td>      </tr>      <tr>       <td> <p> 黑龙江兴华土地房地产资产评估测绘科技有限公司 </p> </td>       <td> <p> 100 </p> </td>       <td> <p> 国家标准价格1.8折 （即国家标准价格18 %）     </p> </td>       <td> <p> 单笔不高于2800元/笔（包括一处押品评估），多处押品的，每增加一处押品，评估价增加不超过3000元/笔；单个债权资产最高不超过15000元。 </p> </td>      </tr>      <tr>       <td> <p> 黑龙江天策土地房地产资产评估有限公司 </p> </td>       <td> <p> 150 </p> </td>       <td> <p> 国家标准价格1.8折 （即国家标准价格18%）      </p> </td>       <td> <p> 单笔不高于3000元/笔（包括一处押品评估），多处押品的，每增加一处押品，评估价增加不超过1000元/笔；单个债权资产最高不超过6000元。 </p> </td>      </tr>     </tbody>   </table>    <p> 二、其他 </p>    <p> 招标人依法确定排序前5名的中标候选人为中标人。 </p>    <p> 三、联系方式 </p>    <p> 招标人：兴业银行股份有限公司哈尔滨分行 </p>    <p> 地址：哈尔滨市松北区创新一路1101号A栋1-19层1号 </p>    <p> 招标代理机构：黑龙江省招标有限公司 </p>    <p> 地址：哈尔滨市南岗区汉水路180号 </p>    <p> 联系人：王瑶、刘晨菲 </p>    <p> 联系电话：0451-82364705 </p>    <p> 电子邮箱：hljzb2305@126.com </p>   </div>    202605281035076776569027528             </body></html>",,[[]],北京国信达房地产土地资产评估有限公司,"[{""cgid"": 3468312189, ""cname"": ""黑龙江兴华土地房地产资产评估测绘科技有限公司""}, {""cgid"": 2323172344, ""cname"": ""黑龙江天策土地房地产资产评估有限公司""}, {""cgid"": 261170240, ""cname"": ""兴业银行股份有限公司哈尔滨分行""}, {""cgid"": 3311991512, ""cname"": ""深圳云上土地房地产资产评估咨询有限公司""}, {""cgid"": 24575888, ""cname"": ""北京国信达房地产土地资产评估有限公司""}, {""cgid"": 3379821962, ""cname"": ""黑龙江省招标有限公司""}, {""cgid"": 3467812461, ""cname"": ""黑龙江天信土地房地产资产评估有限公司""}]",,黑龙江省,中标,,306618532
1783180800000,https://m.tianyancha.com/app/h5/bid/8a8ab7349a634039abeb21853822e03b?code=95c6&icode=49d311ac17b95ed3f130839a381714d3,中国农业发展银行青海省分行,http://www.chinazbzc.com/index/index/article?id=10508381,,中国农业发展银行青海省分行律师库入围采购项目中标结果公告,中标结果,8a8ab7349a634039abeb21853822e03b,"<html><body><p>                信息编号：202607091416132<br>                所属地区：北京<br>                发布日期：2026-07-05<br>        </p>            <tr>        <td align=""left"" valign=""top"">            <br>                            可能因为以下原因，造成您不能查看此信息<br>                      1、由于您长时间未浏览信息已退出登录,请 <span><strong>重新登录</strong></span><br>                      2、权限不足无法查看信息，您可以  或 升级电子招标权限 来查看信息 <br>                      3、升级咨询：010-67220685 客服电话：18516814527 （周末值班电话） <br>                        <br>            <br>        </td>    </tr>                                        </body></html>",,[[]],,"[{""cgid"": 243866508, ""cname"": ""中国农业发展银行青海省分行""}]",,北京市,中标,,306615824
1783267200000,https://m.tianyancha.com/app/h5/bid/a3775be83f6347148f7938a7b99d4353?code=5ccd&icode=826310643987bd25156dc4438d8af7ac,绵阳市商业银行股份有限公司,https://www.mycc-bank.com/myccb/yhgg/whgg/6831.html,,关于特色业务平台建设项目竞争性磋商的公告,招标公告,a3775be83f6347148f7938a7b99d4353,<html><body><p>2026/07/02 11:02:31    	    	   </p><p>绵阳市商业银行股份有限公司拟对<strong>特色业务平台建设项目</strong>采用竞争性磋商方式进行采购，兹邀请符合本次采购要求的供应商参加本项目的竞争性磋商。</p><p><strong>一、项目编号：</strong>MYCCB-CGZX-2026-110</p><p><strong>二、项目名称：</strong>特色业务平台建设项目</p><p><strong>三、资金来源：</strong>自筹资金</p><p><strong>四、供应商邀请方式：</strong></p><p>本项目以公告形式在绵阳市商业银行官网（www.mycc-bank.com）上发布。</p><p><strong>五、供应商参加本次采购活动应具备下列条件：</strong></p><p>（一）参与磋商的供应商应符合以下条件：</p><p>1.具有独立承担民事责任的能力；</p><p>2.具有良好的商业信誉和健全的财务会计制度；</p><p>3.具有履行合同所必需的设备和专业技术能力；</p><p>4.具有依法缴纳税收和社会保障资金的良好记录；</p><p>5.参加本次采购活动前三年内，在经营活动中没有重大违法违规记录；</p><p>6.法律、行政法规规定的其他条件。</p><p>（二）供应商单位及其现任法定代表人、主要负责人没有行贿犯罪记录；</p><p>（三）本次采购项目不接受联合体磋商；</p><p>（四）供应商应报名参与本项目；</p><p>（五）本项目其他条件。</p><p><strong>六、禁止参加本次采购活动的供应商</strong></p><p>通过“信用中国”网站（www.creditchina.gov.cn）、“中国政府采购网”网站（www.ccgp.gov.cn）等渠道中，供应商信用记录被列入失信被执行人名单、重大税收违法案件当事人名单、政府采购严重违法失信行为记录名单中的供应商（以联合体形式参加采购活动，联合体成员存在不良信用记录的，视同联合体存在不良信用记录），资格审查不予通过，其响应文件作无效处理。若被列入采购人禁用供应商名单中的，将取消其报名资格。</p><p><strong>七、磋商文件获取方式、时间、地点</strong></p><p>（一）报名及文件领取日期为：</p><p>2026年7月6日9:00至2026年7月10日17:00（不含节假日）</p><p>（二）报名方式：</p><p>邮件报名（邮件名称：项目名称+单位名称），邮件正文中需写明本项目联系人及联系方式。</p><p>（三）在领取采购文件时应请提供以下资料：</p><p>1.公司营业执照复印件（提供复印件需加盖单位公章，法定代表人为同一个人的两个及两个人以上企业法人，只能有一个单位参加本项目的采购）；</p><p>2.公司授权书（格式自拟）；</p><p>3.授权人及被授权人身份证复印件；</p><p>以上资料均需加盖申请人单位公章的扫描件，并保存为一个PDF文档。</p><p><strong>八、递交响应文件截止时间：</strong></p><p>2026年7月21日9:30（北京时间）</p><p><strong>九、递交响应文件地点：</strong></p><p>响应文件必须在递交响应文件截止时间前送达四川省绵阳市涪城区临园路西段文竹街3号绵阳市商业银行总行大楼1003室。逾期送达、密封和标注错误的响应文件，恕不接收。</p><p><strong>十、响应文件开启时间：</strong></p><p>2026年7月21日9:30（北京时间）在磋商地点开启。</p><p><strong>十一、磋商地点：</strong></p><p>四川省绵阳市涪城区临园路西段文竹街3号绵阳市商业银行总行大楼1003室</p><p><strong>十二、联系方式</strong></p><p>采购人：绵阳市商业银行股份有限公司</p><p>地  址：四川省绵阳市涪城区临园路西段文竹街3号绵阳市商业银行总行大楼801室</p><p>联系人：吴老师</p><p>电  话：0816-2537633</p><p>邮  箱：<span>wuhx0278@mycc-bank.com</span></p><p><br></p><p><br></p><p><br></p><p><br></p><p><br></p><p><br></p><p><br></p><p><br></p><p><br></p><p><br></p><p>                              2026年7月2日</p><p><br></p>                      <div></div>     </body></html>,,[[]],,"[{""cgid"": 216318605, ""cname"": ""绵阳市商业银行股份有限公司""}]",,四川省,招标公告,,306618639
1783180800000,https://m.tianyancha.com/app/h5/bid/ab0d7a56e67b4a1884c3f236c41c1a94?code=c383&icode=8b4b355570a62f6d7c83053a05df19c9,乐山市商业银行股份有限公司,http://www.chinazbzc.com/index/index/article?id=10508444,,"乐山市商业银行股份有限公司关于离场式现金清分服务采购项目的征求意见公示"",""typeCode"":""QTGG",招标公告,ab0d7a56e67b4a1884c3f236c41c1a94,"<html><body><p>                信息编号：202607092057611<br>                所属地区：四川<br>                发布日期：2026-07-05<br>        </p>            <tr>        <td align=""left"" valign=""top"">            <br>                            可能因为以下原因，造成您不能查看此信息<br>                      1、由于您长时间未浏览信息已退出登录,请 <span><strong>重新登录</strong></span><br>                      2、权限不足无法查看信息，您可以  或 升级电子招标权限 来查看信息 <br>                      3、升级咨询：010-67220685 客服电话：18516814527 （周末值班电话） <br>                        <br>            <br>        </td>    </tr>                                                                    <form data-type=""custom"" data-use-message=""0"" data-message-parent="""" data-b-func=""join_fun_b"" data-s-func=""join_fun_s"" data-e-func=""join_fun_e"" method=""post"" action=""/index/api/article_join"">    <table width=""100%"" border=""0"" align=""center"" cellpadding=""0"" cellspacing=""0"">        <tr>            <td height=""40"" colspan=""3"" align=""left"" bgcolor=""#E0F9FF"">                <strong>我要参与 >> </strong>            </td>        </tr>        <tr>            <td height=""50"" align=""right"">                *参与主题：            </td>            <td>                <input name=""aid"" value=""10508444"" title="""" hidden="""">                <span name=""title"" type=""text"" value=""乐山市商业银行股份有限公司关于离场式现金清分服务采购项目的征求意见公示"" size=""50"" title="""">乐山市商业银行股份有限公司关于离场式现金清分服务采购项目的征求意见公示"",""typeCode"":""QTGG</span>            </td>            <td>            </td>        </tr>        <tr>            <td height=""50"" align=""right""> 参与附言： </td>            <td>                <span name=""intro"" rows=""4"" title=""""></span>            </td>            <td>            </td>        </tr>        <tr>            <td height=""10"" colspan=""3"" align=""center""></td>        </tr>        <tr>            <td height=""50"" colspan=""3"" align=""left"" bgcolor=""#E0F9FF"">                <strong>联系方式 >> </strong>            </td>        </tr>        <tr>            <td height=""50"" align=""right"">                *公司名称：            </td>            <td>                <span name=""company_name"" type=""text"" size=""30"" title="""" value=""""></span>            </td>            <td>            </td>        </tr>        <tr>            <td height=""50"" align=""right"">                *联 系 人：            </td>            <td>                <span name=""name"" type=""text"" size=""30"" title="""" value=""""></span>            </td>            <td>            </td>        </tr>        <tr>            <td height=""50"" align=""right"">                *电　　话：            </td>            <td>                <span name=""homephone"" type=""text"" size=""30"" title="""" value=""""></span>            </td>            <td>            </td>        </tr>        <tr>            <td height=""50"" align=""right"">                手　　机：            </td>            <td>                <span name=""comphone"" type=""text"" size=""30"" title="""" value=""""></span>            </td>            <td>            </td>        </tr>        <tr>            <td height=""50"" align=""right"">                电子邮件：            </td>            <td>                <span name=""email"" type=""text"" size=""30"" title="""" value=""""></span>            </td>            <td>            </td>        </tr>        <tr>            <td height=""50"" colspan=""3"" align=""center"">                <input type=""submit"" value="" 立即参与 "">            </td>        </tr>    </table></form>        </body></html>",,[[]],,"[{""cgid"": 216323680, ""cname"": ""乐山市商业银行股份有限公司""}]",,四川省,招标预告,,306618047
1783094400000,https://m.tianyancha.com/app/h5/bid/ab1039acd6ae4fbd9ef899b44b348266?code=5760&icode=b9980a2a39739b17f4e9280307b6c8dd,中国农业发展银行青海省分行,http://www.qhei.net.cn/html/zbgs/2026_7/230396.html,,中国农业发展银行青海省分行律师库入围采购项目中标结果公告,中标结果,ab1039acd6ae4fbd9ef899b44b348266,"<html><body><p> 			</p><div> <div><p>中国农业发展银行青海省分行律师库入围采购项目中标结果公告</p><p>（项目编号：青海国焱公招（服务）2026-190号）</p><p>本项目已于2026年06月30日至2026年07月03日发布中标候选人公示，公示期内无异议，确定前10名中标候选人为中标人，现将中标结果公告如下：</p><table cellspacing=""0"" width=""117""><tbody><tr><td width=""166"" valign=""center"" colspan=""2""><p>招标单位</p></td><td width=""488"" valign=""center"" colspan=""5""><p>中国农业发展银行青海省分行</p></td></tr><tr><td width=""166"" valign=""center"" colspan=""2""><p>招标代理机构</p></td><td width=""488"" valign=""center"" colspan=""5""><p>青海国焱工程项目管理有限公司</p></td></tr><tr><td width=""654"" valign=""center"" colspan=""7""><p>中标结果</p></td></tr><tr><td width=""155"" valign=""center"" rowspan=""2""><p>中标人名称</p></td><td width=""73"" valign=""center"" colspan=""2"" rowspan=""2""><p>资格能力条件</p></td><td width=""246"" valign=""center"" colspan=""2""><p>投标报价（%）</p></td><td width=""92"" valign=""center"" rowspan=""2""><p>服务期限</p></td><td width=""88"" valign=""center"" rowspan=""2""><p>服务质量</p></td></tr><tr><td width=""161"" valign=""center""><p>入库律师事务所提供诉讼案件代理服务，采用风险代理方式的，律师费以现金执行收回额或避免损失额（剔除诉讼费用垫款后）为基数，按照分段计算累计加总的方式计算，费用比例上限为：100万元（含）及以下，7％；100万元至500万元（含），6％；500万元至1000万元（含），５％；1000万元至3000万元（含），3.5％；3000万元至5000万元（含），3％；5000万元至10000万元（含），2％；10000万元以上，1.5％（折扣率）</p></td><td width=""85"" valign=""center""><p>预先支付律师费的，前期预先支付的律师费不超过拟付总律师费20%</p><p>（费率）</p><p> </p></td></tr><tr><td width=""155"" valign=""center""><p>青海致琨律师事务所</p></td><td width=""73"" valign=""center"" colspan=""2""><p>完全响应</p></td><td width=""161"" valign=""center""><p>50.00%</p></td><td width=""85"" valign=""center""><p>10.00%</p></td><td width=""92"" valign=""center""><p>3年</p></td><td width=""88"" valign=""center""><p>合格</p></td></tr><tr><td width=""155"" valign=""center""><p>青海诚嘉律师事务所</p></td><td width=""73"" valign=""center"" colspan=""2""><p>完全响应</p></td><td width=""161"" valign=""center""><p>30.00%</p></td><td width=""85"" valign=""center""><p>5.00%</p></td><td width=""92"" valign=""center""><p>自合同签订之日起3年</p></td><td width=""88"" valign=""center""><p>合格</p></td></tr><tr><td width=""155"" valign=""center""><p>青海观若律师事务所</p></td><td width=""73"" valign=""center"" colspan=""2""><p>完全响应</p></td><td width=""161"" valign=""center""><p>80.00%</p></td><td width=""85"" valign=""center""><p>20.00%</p></td><td width=""92"" valign=""center""><p>自合同签订之日起3年</p></td><td width=""88"" valign=""center""><p>合格</p></td></tr><tr><td width=""155"" valign=""center""><p>青海言度律师事务所</p></td><td width=""73"" valign=""center"" colspan=""2""><p>完全响应</p></td><td width=""161"" valign=""center""><p>50.00%</p></td><td width=""85"" valign=""center""><p>20.00%</p></td><td width=""92"" valign=""center""><p>3年</p></td><td width=""88"" valign=""center""><p>合格</p></td></tr><tr><td width=""155"" valign=""center""><p>广东哲清律师事务所</p></td><td width=""73"" valign=""center"" colspan=""2""><p>完全响应</p></td><td width=""161"" valign=""center""><p>75.00%</p></td><td width=""85"" valign=""center""><p>15.00%</p></td><td width=""92"" valign=""center""><p>自合同签订之日起3年</p></td><td width=""88"" valign=""center""><p>合格</p></td></tr><tr><td width=""155"" valign=""center""><p>北京市盈科（西宁）律师事务所</p></td><td width=""73"" valign=""center"" colspan=""2""><p>完全响应</p></td><td width=""161"" valign=""center""><p>40.00%</p></td><td width=""85"" valign=""center""><p>15.00%</p></td><td width=""92"" valign=""center""><p>3年</p></td><td width=""88"" valign=""center""><p>合格</p></td></tr><tr><td width=""155"" valign=""center""><p>青海延辉律师事务所</p></td><td width=""73"" valign=""center"" colspan=""2""><p>完全响应</p></td><td width=""161"" valign=""center""><p>60.00%</p></td><td width=""85"" valign=""center""><p>20.00%</p></td><td width=""92"" valign=""center""><p>3年</p></td><td width=""88"" valign=""center""><p>合格</p></td></tr><tr><td width=""155"" valign=""center""><p>上海格联律师事务所</p></td><td width=""73"" valign=""center"" colspan=""2""><p>完全响应</p></td><td width=""161"" valign=""center""><p>60.00%</p></td><td width=""85"" valign=""center""><p>15.00%</p></td><td width=""92"" valign=""center""><p>合同签订后3年</p></td><td width=""88"" valign=""center""><p>合格</p></td></tr><tr><td width=""155"" valign=""center""><p>青海国武律师事务所</p></td><td width=""73"" valign=""center"" colspan=""2""><p>完全响应</p></td><td width=""161"" valign=""center""><p>75.00%</p></td><td width=""85"" valign=""center""><p>15.00%</p></td><td width=""92"" valign=""center""><p>合同签订后3年</p></td><td width=""88"" valign=""center""><p>合格</p></td></tr><tr><td width=""155"" valign=""center""><p>北京兰台（西宁）律师事务所</p></td><td width=""73"" valign=""center"" colspan=""2""><p>完全响应</p></td><td width=""161"" valign=""center""><p>75.00%</p></td><td width=""85"" valign=""center""><p>18.00%</p></td><td width=""92"" valign=""center""><p>3年</p></td><td width=""88"" valign=""center""><p>合格</p></td></tr></tbody></table><p>青海国焱工程项目管理有限公司</p><p>2026年07月04日</p><p><br></p></div>  </div>            <div>                <strong></strong><br>                <strong></strong></div>  </body></html>",,[[]],"上海格联律师事务所,北京兰台（西宁）律师事务所,北京市盈科（西宁）律师事务所,广东哲清律师事务所,青海国武律师事务所,青海延辉律师事务所,青海致琨律师事务所,青海观若律师事务所,青海言度律师事务所,青海诚嘉律师事务所","[{""cgid"": 3307954560, ""cname"": ""青海延辉律师事务所""}, {""cgid"": 3077496006, ""cname"": ""上海格联律师事务所""}, {""cgid"": 243866508, ""cname"": ""中国农业发展银行青海省分行""}, {""cgid"": 5494728429, ""cname"": ""北京市盈科（西宁）律师事务所""}, {""cgid"": 3307954308, ""cname"": ""青海诚嘉律师事务所""}, {""cgid"": 7109033190, ""cname"": ""广东哲清律师事务所""}, {""cgid"": 5878913709, ""cname"": ""北京兰台（西宁）律师事务所""}, {""cgid"": 2319441833, ""cname"": ""青海国焱工程项目管理有限公司""}, {""cgid"": 3307954213, ""cname"": ""青海观若律师事务所""}, {""cgid"": 3307954210, ""cname"": ""青海致琨律师事务所""}, {""cgid"": 4997100004, ""cname"": ""青海言度律师事务所""}, {""cgid"": 7036152070, ""cname"": ""青海国武律师事务所""}]",,青海省,中标,,306519118
1783094400000,https://m.tianyancha.com/app/h5/bid/ad2f4f1b4c3649c988095022ac614d05?code=0547&icode=2d3c57c08b9e45f91bd58edf12501e0a,中国农业发展银行,http://www.chinazbcgou.com.cn/index/index/article?id=10507349,,2026年度30项外部数据采购项目中标候选人公示,中标结果,ad2f4f1b4c3649c988095022ac614d05,"<html><body><p>2026年度30项外部数据采购项目中标候选人公示                                                    </p><div>                    <div><img src=""/static/images/export-word.png"" alt="""">导出word</div>                    <div><img src=""/static/images/export-pdf.png"" alt="""">导出pdf</div>                    <div><img src=""/static/images/print.png"" alt=""""></div>                                        <div><img src=""/static/images/collect0.png"" alt="""">收藏信息</div>                                    </div>                                <div>                    <div>                        <div>招标编号</div>                        <div>202607101938480</div>                    </div>                    <div>                        <div>更新时间</div>                        <div>2026-07-04 18:08:31</div>                    </div>                    <div>                        <div>所属地区</div>                        <div>北京</div>                    </div>                    <div>                        <div>浏览量</div>                        <div>2</div>                    </div>                                    </div>                                <div>                                                        <table width=""100%"" cellpadding=""0"" cellspacing=""0"">    <tr>        <td>            <p>                <br>                信息编号：202607101938480<br>                项目名称：2026年度30项外部数据采购项目中标候选人公示<br>                所属地区：北京<br>                发布日期：2026-07-04 10:21:40<br>        </p></td>    </tr>    <tr>        <td align=""left"" valign=""top"">            <br>            [略]项目中标候选人公示<p align=""center"" data=""text-align:center"">[略]：[略]-2540HB030039）</p><p data=""text-indent:24.0000pt; padding:0pt 0pt 0pt 0pt ; text-align:left"">[略]项目评标委员会评审后，招标人确认后，中标候选人公示如下：</p><p data=""text-align:justify"">一、项目名称：</p><p data=""text-indent:24.0000pt; padding:0pt 0pt 0pt 0pt ; text-align:left"">[略]项目</p><p data=""text-align:justify"">二、招标编号：</p><p data=""text-indent:24.0000pt; padding:0pt 0pt 0pt 0pt ; text-align:left"">[略]-2540HB030039</p><p data=""text-align:justify"">四、招标人：</p><p data=""text-indent:24.0000pt; padding:0pt 0pt 0pt 0pt ; text-align:left"">中国农业发展银行</p><p data=""text-align:justify"">五、中标内容：</p><table align=""center"" data=""border-collapse:collapse; width:559px; border:none""><tbody><tr><td data=""border-bottom:1px solid #000000; width:75px; padding:0px 0px 0px 0px; border-top:1px solid #000000; border-right:1px solid #000000; border-left:1px solid #000000"" valign=""center""><p align=""center"" data=""text-align:center"">序号</p></td><td data=""border-bottom:1px solid #000000; width:199px; padding:0px 0px 0px 0px; border-top:1px solid #000000; border-right:1px solid #000000; border-left:1px solid #000000"" valign=""center""><p align=""center"" data=""text-align:center"">投标人名称</p></td><td data=""border-bottom:1px solid #000000; width:170px; padding:0px 0px 0px 0px; border-top:1px solid #000000; border-right:1px solid #000000; border-left:1px solid #000000"" valign=""center""><p align=""center"" data=""text-align:center"">投标报价</p><p align=""center"" data=""text-align:center"">（元人民币）</p></td><td data=""border-bottom:1px solid #000000; width:113px; padding:0px 0px 0px 0px; border-top:1px solid #000000; border-right:1px solid #000000; border-left:1px solid #000000"" valign=""center""><p align=""center"" data=""text-align:center"">排名</p></td></tr><tr><td data=""border-bottom:1px solid #000000; width:75px; padding:0px 0px 0px 0px; border-top:none; border-right:1px solid #000000; border-left:1px solid #000000"" valign=""center""><p align=""center"" data=""text-align:center"">1</p></td><td data=""border-bottom:1px solid #000000; width:199px; padding:0px 0px 0px 0px; border-top:none; border-right:1px solid #000000; border-left:1px solid #000000"" valign=""center""><p align=""center"" data=""text-align:center"">[略</p></td><td data=""border-bottom:1px solid #000000; width:170px; padding:0px 0px 0px 0px; background-color:#ffffff; border-top:none; border-right:1px solid #000000; border-left:1px solid #000000"" valign=""center""><p align=""center"" data=""text-align:center""></p></td><td data=""border-bottom:1px solid #000000; width:113px; padding:0px 0px 0px 0px; border-top:none; border-right:1px solid #000000; border-left:1px solid #000000"" valign=""top""><p align=""center"" data=""margin-top:19px; text-align:center""></p></td></tr><tr><td data=""border-bottom:1px solid #000000; width:75px; padding:0px 0px 0px 0px; border-top:none; border-right:1px solid #000000; border-left:1px solid #000000"" valign=""center""><p align=""center"" data=""text-align:center""></p></td><td data=""border-bottom:1px solid #000000; width:199px; padding:0px 0px 0px 0px; border-top:none; border-right:1px solid #000000; border-left:1px solid #000000"" valign=""center""><p align=""center"" data=""text-align:center""></p></td><td data=""border-bottom:1px solid #000000; width:170px; padding:0px 0px 0px 0px; background-color:#ffffff; border-top:none; border-right:1px solid #000000; border-left:1px solid #000000"" valign=""center""><p align=""center"" data=""text-align:center""></p></td><td data=""border-bottom:1px solid #000000; width:113px; padding:0px 0px 0px 0px; border-top:none; border-right:1px solid #000000; border-left:1px solid #000000"" valign=""top""><p align=""center"" data=""margin-top:21px; text-align:center""></p></td></tr><tr><td data=""border-bottom:1px solid #000000; width:75px; padding:0px 0px 0px 0px; border-top:none; border-right:1px solid #000000; border-left:1px solid #000000"" valign=""center""><p align=""center"" data=""text-align:center""></p></td><td data=""border-bottom:1px solid #000000; width:199px; padding:0px 0px 0px 0px; border-top:none; border-right:1px solid #000000; border-left:1px solid #000000"" valign=""center""><p align=""center"" data=""text-align:center""></p></td><td data=""border-bottom:1px solid #000000; width:170px; padding:0px 0px 0px 0px; background-color:#ffffff; border-top:none; border-right:1px solid #000000; border-left:1px solid #000000"" valign=""center""><p align=""center"" data=""text-align:center""></p></td><td data=""border-bottom:1px solid #000000; width:113px; padding:0px 0px 0px 0px; border-top:none; border-right:1px solid #000000; border-left:1px solid #000000"" valign=""top""><p align=""center"" data=""margin-top:19px; text-align:center""></p></td></tr></tbody></table><p data=""text-align:justify""></p><p data=""text-indent:24.0000pt; padding:0pt 0pt 0pt 0pt ; text-align:left""></p><p data=""text-indent:24.0000pt; padding:0pt 0pt 0pt 0pt ; text-align:left""></p><p data=""text-indent:24.0000pt; padding:0pt 0pt 0pt 0pt ; text-align:left""></p><p data=""text-indent:24.0000pt; padding:0pt 0pt 0pt 0pt ; text-align:left""></p><p data=""text-indent:24.0000pt; padding:0pt 0pt 0pt 0pt ; text-align:left""></p><p data=""text-indent:24.0000pt; padding:0pt 0pt 0pt 0pt ; text-align:left""></p><p data=""text-indent:24.0000pt; padding:0pt 0pt 0pt 0pt ; text-align:left""></p><p align=""right"" data=""text-align:right""></p><p align=""right"" data=""text-align:right""></p><br>                            可能因为以下原因，造成您不能查看此信息<br>                      1、由于您长时间未浏览信息已退出登录,请 <span><strong>重新登录</strong></span><br>                      2、权限不足无法查看信息，您可以  或 升级电子招标权限 来查看信息 <br>                      3、升级咨询：13269123260 18201588438  客服电话：010-67227261 （周末值班电话） <br>                        <br>            <br>        </td>    </tr></table>                                                </div>                                                    </body></html>",,[[]],,"[{""cgid"": 25324239, ""cname"": ""中国农业发展银行""}]",,北京市,中标,,306518272
1783094400000,https://m.tianyancha.com/app/h5/bid/adddc05ef97243db9ed698c38b33289a?code=2bf7&icode=0b53fe837b10328c79a304797bc3d203,济宁银行股份有限公司,http://jnggzy.jinan.gov.cn/jnggzyztb/front/showPreparationNotice.do?iid=70B6E642571AD72FB2DE0C34E3B79859&isnew=1,5995143.69,济宁银行股份有限公司济南高新支行提升项目(装饰装修）,中标结果,adddc05ef97243db9ed698c38b33289a,"<html><body><p>				</p><div>					 发布日期：2026-07-04									</div>												<table border=""1"" width=""100%"">				                                                                             中标候选人公示        <table>   <tbody>    <tr>     <td width=""10%"">公共资源编号</td>     <td width=""40%"">2026JSZX10Z5811001</td>     <td width=""10%"">项目编号</td>     <td width=""40%"">SG08202606100106</td>    </tr>    <tr>     <td>招标人</td>     <td colspan=""3"">济宁银行股份有限公司</td>    </tr>    <tr>     <td>项目名称</td>     <td colspan=""3"">济宁银行股份有限公司济南高新支行提升项目(装饰装修）</td>    </tr>    <tr>     <td>招标范围</td>     <td colspan=""3"">图纸范围内的土建、安装及装饰等</td>    </tr>    <tr>     <td>建设地点</td>     <td colspan=""3"">山东省济南市高新区世纪大道15612号理想嘉园2号楼沿街商铺1层2层3层</td>    </tr>    <tr>     <td>代理单位</td>     <td colspan=""3"">山东省鲁成招标有限公司</td>    </tr>    <tr>     <td width=""10%"">开标日期</td>     <td width=""40%"">2026年07月03日 09:00:00</td>     <td width=""10%"">标段数量</td>     <td width=""40%"">1</td>    </tr>    <tr>     <td width=""10%"">标段名称</td>     <td width=""40%"">济宁银行股份有限公司济南高新支行提升项目(装饰装修）</td>     <td width=""10%"">标段编号</td>     <td width=""40%"">E3701000747055440001001</td>    </tr>   </tbody>  </table>  <h4>唱标记录</h4>  <table>   <tbody>    <tr>     <td align=""center"">序号</td>     <td align=""center"">投标单位</td>     <td align=""center"">投标报价(元)</td>     <td align=""center"">项目负责人</td>     <td align=""center"">质量</td>     <td align=""center"">工期</td>    </tr>    <tr>     <td align=""center"">1</td>     <td align=""center"">山东群雄建设工程有限公司</td>     <td align=""center"">5995143.6900</td>     <td align=""center"">芦传硕</td>     <td align=""center"">合格，符合现行国家和地方有关工程施工验收规范和标准的要求；详见技术标</td>     <td align=""center"">60日历天</td>    </tr>    <tr>     <td align=""center"">2</td>     <td align=""center"">山东省建设建工（集团）有限责任公司</td>     <td align=""center"">5939499.3100</td>     <td align=""center"">孙丰涛</td>     <td align=""center"">合格、详见技术标</td>     <td align=""center"">60</td>    </tr>    <tr>     <td align=""center"">3</td>     <td align=""center"">中庆建设有限责任公司</td>     <td align=""center"">5982826.0300</td>     <td align=""center"">丰贵才</td>     <td align=""center"">合格，符合现行国家和地方有关工程施工验收规范和标准的要求，保证措施详见技术标。</td>     <td align=""center"">60日历天</td>    </tr>    <tr>     <td align=""center"">4</td>     <td align=""center"">济南鸿腾实业有限公司</td>     <td align=""center"">6034700.7900</td>     <td align=""center"">李玉兰</td>     <td align=""center"">质量要求：合格，符合现行国家和地方有关工程施工验收规范和标准的要求。保证措施：详见技术标</td>     <td align=""center"">60</td>    </tr>    <tr>     <td align=""center"">5</td>     <td align=""center"">山东省装饰集团有限公司</td>     <td align=""center"">5858488.1600</td>     <td align=""center"">董志强</td>     <td align=""center"">合格，符合现行国家和地方有关工程施工验收规范和标准的要求；详见技术标。</td>     <td align=""center"">60日历天</td>    </tr>    <tr>     <td align=""center"">6</td>     <td align=""center"">宝祥建设（山东）有限公司</td>     <td align=""center"">5885023.5700</td>     <td align=""center"">崔俊霞</td>     <td align=""center"">质量要求：合格，符合现行国家和地方有关工程施工验收规范和标准的要求；保证措施：详见技术标</td>     <td align=""center"">60日历天</td>    </tr>    <tr>     <td align=""center"">7</td>     <td align=""center"">圣雅建设集团股份有限公司</td>     <td align=""center"">5858829.8700</td>     <td align=""center"">郭冉</td>     <td align=""center"">合格，符合现行国家和地方有关工程施工验收规范和标准的要求。保证措施详见技术标。</td>     <td align=""center"">60</td>    </tr>    <tr>     <td align=""center"">8</td>     <td align=""center"">广州市原点建设集团有限公司</td>     <td align=""center"">5734833.5100</td>     <td align=""center"">杨军华</td>     <td align=""center"">合格，我单位承诺项目负责人（项目经理）不兼职其他工程项目，本投标人完全认同电子招标文件的各项条款要求。</td>     <td align=""center"">60</td>    </tr>    <tr>     <td align=""center"">9</td>     <td align=""center"">济南一建集团有限公司</td>     <td align=""center"">5703965.5300</td>     <td align=""center"">孙建鲁</td>     <td align=""center"">质量要求：合格，符合现行国家和地方有关工程施工验收规范和标准的要求；保证措施：详见技术标</td>     <td align=""center"">60日历天</td>    </tr>    <tr>     <td align=""center"">10</td>     <td align=""center"">华鑫盛建设集团有限公司</td>     <td align=""center"">5796656.4000</td>     <td align=""center"">华明智</td>     <td align=""center"">合格，符合现行国家和地方有关工程施工验收规范和标准的要求、详见技术标</td>     <td align=""center"">60日历天</td>    </tr>    <tr>     <td align=""center"">11</td>     <td align=""center"">海瑞林建设有限公司</td>     <td align=""center"">5777866.3200</td>     <td align=""center"">郭利</td>     <td align=""center"">合格，符合现行国家和地方有关工程施工验收规范和标准要求。保证措施详见投标文件。</td>     <td align=""center"">60</td>    </tr>    <tr>     <td align=""center"">12</td>     <td align=""center"">香山红叶集团有限公司</td>     <td align=""center"">6013678.4900</td>     <td align=""center"">丁立磊</td>     <td align=""center"">完全响应招标文件要求</td>     <td align=""center"">60日历天</td>    </tr>    <tr>     <td align=""center"">13</td>     <td align=""center"">深圳市建侨建工集团有限公司</td>     <td align=""center"">5951684.4100</td>     <td align=""center"">梁成军</td>     <td align=""center"">响应并执行招标文件及合同条款要求</td>     <td align=""center"">60日历天</td>    </tr>   </tbody>  </table>  <h4>否决投标情况汇总</h4>  <table>   <tbody>    <tr>     <td align=""center"">序号</td>     <td align=""center"">投标人名称</td>     <td align=""center"">否决投标原因</td>    </tr>    <tr>     <td align=""center"">1</td>     <td align=""center"">香山红叶集团有限公司</td>     <td align=""center"">资格审查不合格:项目经理资格(专家一):注册建造师证书过期;(专家二):注册证书过期;(专家三):注册证书过期;(专家四):项目经理注册证书过期;(专家五):注册证书过期;(专家六):项目经理注册证书过期;(专家七):注册证书过期;</td>    </tr>    <tr>     <td align=""center"">2</td>     <td align=""center"">深圳市建侨建工集团有限公司</td>     <td align=""center"">资格审查不合格:资质等级(专家一):资质证书未上传;(专家二):资质证书未上传;(专家三):资质证书未上传;(专家四):资质证书未上传;(专家五):资质证书未上传;(专家六):资质证书未上传;(专家七):纸质证书未上传;</td>    </tr>   </tbody>  </table>  <h4>评委评分</h4>  <table align=""center"" cellpadding=""0"" cellspacing=""0"" width=""100%"">   <tbody>    <tr>     <td align=""center""><strong>投标单位</strong></td>     <td align=""center""><strong>技术标评委1</strong></td>     <td align=""center""><strong>技术标评委2</strong></td>     <td align=""center""><strong>技术标评委3</strong></td>     <td align=""center""><strong>技术标评委4</strong></td>     <td align=""center""><strong>技术标评委5</strong></td>     <td align=""center""><strong>技术标得分</strong></td>     <td align=""center""><strong>商务标得分</strong></td>     <td align=""center""><strong>资信标得分</strong></td>     <td align=""center""><strong>总得分</strong></td>    </tr>    <tr>     <td colspan=""1"" rowspan=""1"">山东群雄建设工程有限公司</td>     <td colspan=""1"" rowspan=""1"">87.8</td>     <td colspan=""1"" rowspan=""1"">87.4</td>     <td colspan=""1"" rowspan=""1"">93.9</td>     <td colspan=""1"" rowspan=""1"">79.9</td>     <td colspan=""1"" rowspan=""1"">88.3</td>     <td colspan=""1"" rowspan=""1"">87.83</td>     <td colspan=""1"" rowspan=""1"">99.28</td>     <td colspan=""1"" rowspan=""1"">99</td>     <td colspan=""1"" rowspan=""1"">95.8</td>    </tr>    <tr>     <td colspan=""1"" rowspan=""1"">山东省建设建工（集团）有限责任公司</td>     <td colspan=""1"" rowspan=""1"">86.7</td>     <td colspan=""1"" rowspan=""1"">87.5</td>     <td colspan=""1"" rowspan=""1"">91.9</td>     <td colspan=""1"" rowspan=""1"">78.9</td>     <td colspan=""1"" rowspan=""1"">82.8</td>     <td colspan=""1"" rowspan=""1"">85.67</td>     <td colspan=""1"" rowspan=""1"">99.68</td>     <td colspan=""1"" rowspan=""1"">99</td>     <td colspan=""1"" rowspan=""1"">95.37</td>    </tr>    <tr>     <td colspan=""1"" rowspan=""1"">中庆建设有限责任公司</td>     <td colspan=""1"" rowspan=""1"">85.6</td>     <td colspan=""1"" rowspan=""1"">85.6</td>     <td colspan=""1"" rowspan=""1"">87.1</td>     <td colspan=""1"" rowspan=""1"">72.3</td>     <td colspan=""1"" rowspan=""1"">86.3</td>     <td colspan=""1"" rowspan=""1"">85.83</td>     <td colspan=""1"" rowspan=""1"">99.49</td>     <td colspan=""1"" rowspan=""1"">99</td>     <td colspan=""1"" rowspan=""1"">95.32</td>    </tr>    <tr>     <td colspan=""1"" rowspan=""1"">济南鸿腾实业有限公司</td>     <td colspan=""1"" rowspan=""1"">86.8</td>     <td colspan=""1"" rowspan=""1"">85.5</td>     <td colspan=""1"" rowspan=""1"">91.4</td>     <td colspan=""1"" rowspan=""1"">79.9</td>     <td colspan=""1"" rowspan=""1"">85.5</td>     <td colspan=""1"" rowspan=""1"">85.93</td>     <td colspan=""1"" rowspan=""1"">98.6</td>     <td colspan=""1"" rowspan=""1"">99</td>     <td colspan=""1"" rowspan=""1"">94.86</td>    </tr>    <tr>     <td colspan=""1"" rowspan=""1"">山东省装饰集团有限公司</td>     <td colspan=""1"" rowspan=""1"">85.5</td>     <td colspan=""1"" rowspan=""1"">83.9</td>     <td colspan=""1"" rowspan=""1"">92.4</td>     <td colspan=""1"" rowspan=""1"">78</td>     <td colspan=""1"" rowspan=""1"">82</td>     <td colspan=""1"" rowspan=""1"">83.8</td>     <td colspan=""1"" rowspan=""1"">98.36</td>     <td colspan=""1"" rowspan=""1"">99</td>     <td colspan=""1"" rowspan=""1"">94.09</td>    </tr>    <tr>     <td colspan=""1"" rowspan=""1"">宝祥建设（山东）有限公司</td>     <td colspan=""1"" rowspan=""1"">84.5</td>     <td colspan=""1"" rowspan=""1"">81.8</td>     <td colspan=""1"" rowspan=""1"">81.5</td>     <td colspan=""1"" rowspan=""1"">63.9</td>     <td colspan=""1"" rowspan=""1"">84</td>     <td colspan=""1"" rowspan=""1"">82.43</td>     <td colspan=""1"" rowspan=""1"">98.7</td>     <td colspan=""1"" rowspan=""1"">99</td>     <td colspan=""1"" rowspan=""1"">93.87</td>    </tr>    <tr>     <td colspan=""1"" rowspan=""1"">圣雅建设集团股份有限公司</td>     <td colspan=""1"" rowspan=""1"">84.3</td>     <td colspan=""1"" rowspan=""1"">79.7</td>     <td colspan=""1"" rowspan=""1"">79.4</td>     <td colspan=""1"" rowspan=""1"">62</td>     <td colspan=""1"" rowspan=""1"">85.5</td>     <td colspan=""1"" rowspan=""1"">81.13</td>     <td colspan=""1"" rowspan=""1"">98.41</td>     <td colspan=""1"" rowspan=""1"">99</td>     <td colspan=""1"" rowspan=""1"">93.32</td>    </tr>    <tr>     <td colspan=""1"" rowspan=""1"">广州市原点建设集团有限公司</td>     <td colspan=""1"" rowspan=""1"">89.7</td>     <td colspan=""1"" rowspan=""1"">91.4</td>     <td colspan=""1"" rowspan=""1"">97.1</td>     <td colspan=""1"" rowspan=""1"">91.9</td>     <td colspan=""1"" rowspan=""1"">84.3</td>     <td colspan=""1"" rowspan=""1"">91</td>     <td colspan=""1"" rowspan=""1"">91.9</td>     <td colspan=""1"" rowspan=""1"">99</td>     <td colspan=""1"" rowspan=""1"">92.7</td>    </tr>    <tr>     <td colspan=""1"" rowspan=""1"">济南一建集团有限公司</td>     <td colspan=""1"" rowspan=""1"">85.5</td>     <td colspan=""1"" rowspan=""1"">85.1</td>     <td colspan=""1"" rowspan=""1"">88.5</td>     <td colspan=""1"" rowspan=""1"">72.3</td>     <td colspan=""1"" rowspan=""1"">84.8</td>     <td colspan=""1"" rowspan=""1"">85.13</td>     <td colspan=""1"" rowspan=""1"">94.19</td>     <td colspan=""1"" rowspan=""1"">98</td>     <td colspan=""1"" rowspan=""1"">92.04</td>    </tr>    <tr>     <td colspan=""1"" rowspan=""1"">华鑫盛建设集团有限公司</td>     <td colspan=""1"" rowspan=""1"">82.3</td>     <td colspan=""1"" rowspan=""1"">74.7</td>     <td colspan=""1"" rowspan=""1"">76.5</td>     <td colspan=""1"" rowspan=""1"">60.8</td>     <td colspan=""1"" rowspan=""1"">81</td>     <td colspan=""1"" rowspan=""1"">77.4</td>     <td colspan=""1"" rowspan=""1"">96.37</td>     <td colspan=""1"" rowspan=""1"">99</td>     <td colspan=""1"" rowspan=""1"">91.07</td>    </tr>    <tr>     <td colspan=""1"" rowspan=""1"">海瑞林建设有限公司</td>     <td colspan=""1"" rowspan=""1"">79.3</td>     <td colspan=""1"" rowspan=""1"">75.1</td>     <td colspan=""1"" rowspan=""1"">73.9</td>     <td colspan=""1"" rowspan=""1"">58.8</td>     <td colspan=""1"" rowspan=""1"">79.5</td>     <td colspan=""1"" rowspan=""1"">76.1</td>     <td colspan=""1"" rowspan=""1"">97</td>     <td colspan=""1"" rowspan=""1"">99</td>     <td colspan=""1"" rowspan=""1"">91.03</td>    </tr>   </tbody>  </table>  <h4>中标候选人排序</h4>  <table>   <tbody>    <tr>     <td align=""center"">序号</td>     <td align=""center"">投标人名称</td>     <td align=""center"">资质等级</td>     <td align=""center"">项目负责人</td>     <td align=""center"">投标报价</td>     <td align=""center"">质量</td>     <td align=""center"">工期/天</td>    </tr>    <tr>     <td align=""center"">1</td>     <td align=""center"">山东群雄建设工程有限公司</td>     <td align=""center"">建筑业-施工总承包-建筑工程二级</td>     <td align=""center"">芦传硕</td>     <td align=""center"">5995143.6900</td>     <td align=""center"">合格，符合现行国家和地方有关工程施工验收规范和标准的要求；详见技术标</td>     <td align=""center"">60日历天</td>    </tr>    <tr>     <td align=""center"">2</td>     <td align=""center"">山东省建设建工（集团）有限责任公司</td>     <td align=""center"">建筑业-施工总承包-建筑工程特级</td>     <td align=""center"">孙丰涛</td>     <td align=""center"">5939499.3100</td>     <td align=""center"">合格、详见技术标</td>     <td align=""center"">60</td>    </tr>    <tr>     <td align=""center"">3</td>     <td align=""center"">中庆建设有限责任公司</td>     <td align=""center"">建筑业-施工总承包-建筑工程一级</td>     <td align=""center"">丰贵才</td>     <td align=""center"">5982826.0300</td>     <td align=""center"">合格，符合现行国家和地方有关工程施工验收规范和标准的要求，保证措施详见技术标。</td>     <td align=""center"">60日历天</td>    </tr>   </tbody>  </table>  <h4>中标候选人业绩</h4>  <table>   <tbody>    <tr>     <td align=""center"">序号</td>     <td align=""center"">项目名称</td>     <td align=""center"">建设单位</td>     <td align=""center"">项目规模</td>     <td align=""center"">合同金额</td>     <td align=""center"">合同签订日期</td>     <td align=""center"">竣工日期</td>    </tr>    <tr>     <td colspan=""7"">山东群雄建设工程有限公司</td>    </tr>    <tr>     <td align=""center"">1</td>     <td align=""center"">汉峪片区B-05地块2号楼4-13F/19-22F装饰工程</td>     <td align=""center"">济南城市发展集团资产运营管理有限公司</td>     <td align=""center"">16891.03 m2</td>     <td align=""center"">19892830.790000</td>     <td align=""center"">2025年09月03日</td>     <td align=""center"">2026年01月25日</td>     <td align=""center""></td>    </tr>    <tr>     <td align=""center"">2</td>     <td align=""center"">山东农业工程学院学生宿舍及配套设施提升改造项目</td>     <td align=""center"">山东农业工程学院</td>     <td align=""center"">8842.40 m2</td>     <td align=""center"">26550000.000000</td>     <td align=""center"">2025年07月15日</td>     <td align=""center"">2025年11月17日</td>     <td align=""center"">2655万元</td>    </tr>    <tr>     <td align=""center"">3</td>     <td align=""center"">原中车泰山疗养院部分建筑装修改造及室外配套提升一期工程施工</td>     <td align=""center"">泰安市泰山城建投资有限公司</td>     <td align=""center"">5817.16 m2</td>     <td align=""center"">20619553.510000</td>     <td align=""center"">2024年04月01日</td>     <td align=""center"">2024年08月25日</td>     <td align=""center"">2061.955351万元</td>    </tr>    <tr>     <td colspan=""7"">山东省建设建工（集团）有限责任公司</td>    </tr>    <tr>     <td align=""center"">1</td>     <td align=""center"">济南汉峪金融商务中心B01地块综合楼及附属设施项目施工总承包</td>     <td align=""center"">济南济高东智置业有限公司</td>     <td align=""center"">94276.64 m2</td>     <td align=""center"">211995916.710000</td>     <td align=""center"">2022年02月25日</td>     <td align=""center"">2024年12月09日</td>     <td align=""center"">21199.59万元</td>    </tr>    <tr>     <td align=""center"">2</td>     <td align=""center"">新建济南市应急救援储备中心项目工程总承包（EPC）</td>     <td align=""center"">山东省鲁商置业有限公司</td>     <td align=""center"">63700.00 m2</td>     <td align=""center"">432203467.000000</td>     <td align=""center"">2021年02月28日</td>     <td align=""center"">2022年12月20日</td>     <td align=""center"">43220.34万元</td>    </tr>    <tr>     <td align=""center"">3</td>     <td align=""center"">康虹路9班幼儿园建设项目施工总承包</td>     <td align=""center"">济南高新智慧谷投资置业有限公司</td>     <td align=""center"">4593.11 m2</td>     <td align=""center"">23838903.880000</td>     <td align=""center"">2020年11月20日</td>     <td align=""center"">2022年08月15日</td>     <td align=""center""></td>    </tr>    <tr>     <td colspan=""7"">中庆建设有限责任公司</td>    </tr>    <tr>     <td align=""center"">1</td>     <td align=""center"">上海路北地块健康产业创新示范基地第二标段</td>     <td align=""center"">长春城开万家房地产开发有限公司</td>     <td align=""center"">119736.00 m2</td>     <td align=""center"">304060625.580000</td>     <td align=""center"">2021年09月13日</td>     <td align=""center"">2024年12月02日</td>     <td align=""center"">30406.06万元</td>    </tr>    <tr>     <td align=""center"">2</td>     <td align=""center"">横峰县产教融合职业学校建设项目</td>     <td align=""center"">横峰县产教融合职业学校</td>     <td align=""center"">45991.97 m2</td>     <td align=""center"">149809425.040000</td>     <td align=""center"">2024年04月17日</td>     <td align=""center"">2026年01月15日</td>     <td align=""center"">14980.94万元</td>    </tr>    <tr>     <td align=""center"">3</td>     <td align=""center"">厦门中山南音阁演出及文化提升项目(施工)</td>     <td align=""center"">厦门市南乐团</td>     <td align=""center"">1994.15 m2</td>     <td align=""center"">12721703.000000</td>     <td align=""center"">2024年12月16日</td>     <td align=""center"">2025年11月26日</td>     <td align=""center""></td>    </tr>   </tbody>  </table>  <h4>项目班子成员</h4>  <table>   <tbody>    <tr>     <td align=""center"">序号</td>     <td align=""center"">姓名</td>     <td align=""center"">岗位</td>     <td align=""center"">证书名称</td>     <td align=""center"">证书编号</td>     <td align=""center"">专业</td>     <td align=""center"">备注</td>    </tr>    <tr>     <td colspan=""7"">山东群雄建设工程有限公司</td>    </tr>    <tr>     <td align=""center"">1</td>     <td align=""center"">芦传硕</td>     <td align=""center"">项目负责人</td>     <td align=""center"">(1)注册建造师;(2)安全生产考核合格证(B证);</td>     <td align=""center"">(1)鲁1372013201401702;(2)鲁建安B（2014）8005755;</td>     <td align=""center"">(1)建筑工程;(2)/;</td>     <td align=""center""></td>    </tr>    <tr>     <td align=""center"">2</td>     <td align=""center"">武蓓蓓</td>     <td align=""center"">安全员</td>     <td align=""center"">(1)安全生产考核合格证(C3证);</td>     <td align=""center"">鲁建安C3(2021)8044653</td>     <td align=""center"">/</td>     <td align=""center""></td>    </tr>    <tr>     <td align=""center"">3</td>     <td align=""center"">杨成江</td>     <td align=""center"">安全员</td>     <td align=""center"">(1)安全生产考核合格证(C3证);</td>     <td align=""center"">鲁建安C3（2013）8028003</td>     <td align=""center"">/</td>     <td align=""center""></td>    </tr>    <tr>     <td colspan=""7"">山东省建设建工（集团）有限责任公司</td>    </tr>    <tr>     <td align=""center"">1</td>     <td align=""center"">孙丰涛</td>     <td align=""center"">项目负责人</td>     <td align=""center"">(1)注册建造师;(2)安全生产考核合格证(B证);</td>     <td align=""center"">(1)鲁1372023202304662;(2)鲁建安B（2018）8012312;</td>     <td align=""center"">(1)建筑工程;(2)/;</td>     <td align=""center""></td>    </tr>    <tr>     <td align=""center"">2</td>     <td align=""center"">王鸿飞</td>     <td align=""center"">安全员</td>     <td align=""center"">(1)安全生产考核合格证(C3证);</td>     <td align=""center"">鲁建安C3(2020)8037419</td>     <td align=""center"">/</td>     <td align=""center""></td>    </tr>    <tr>     <td colspan=""7"">中庆建设有限责任公司</td>    </tr>    <tr>     <td align=""center"">1</td>     <td align=""center"">丰贵才</td>     <td align=""center"">项目负责人;其他</td>     <td align=""center"">(1)注册建造师;(2)安全生产考核合格证(B证);</td>     <td align=""center"">(1)吉222192035149;(2)吉建安B(2020)0000673;</td>     <td align=""center"">(1)建筑工程;(2)/;</td>     <td align=""center""></td>    </tr>    <tr>     <td align=""center"">2</td>     <td align=""center"">于明彬</td>     <td align=""center"">安全员</td>     <td align=""center"">(1)安全生产考核合格证(C1证);</td>     <td align=""center"">吉建安C1(2023)0011094</td>     <td align=""center"">/</td>     <td align=""center""></td>    </tr>   </tbody>  </table>  <h4>项目负责人业绩</h4>  <table>   <tbody>    <tr>     <td align=""center"">序号</td>     <td align=""center"">姓名</td>     <td align=""center"">参与项目名称</td>     <td align=""center"">发包人名称</td>     <td align=""center"">承包人名称</td>     <td align=""center"">项目规模</td>     <td align=""center"">合同金额</td>     <td align=""center"">合同签订日期</td>     <td align=""center"">竣工日期</td>    </tr>    <tr>     <td colspan=""9"">山东群雄建设工程有限公司</td>    </tr>    <tr>     <td align=""center"">1</td>     <td align=""center"">芦传硕</td>     <td align=""center"">汉峪片区B-05地块2号楼4-13F/19-22F装饰工程</td>     <td align=""center"">济南城市发展集团资产运营管理有限公司</td>     <td align=""center"">山东群雄建设工程有限公司</td>     <td align=""center"">16891.03 m2</td>     <td align=""center"">19892830.790000</td>     <td align=""center"">2025年09月03日</td>     <td align=""center"">2026年01月25日</td>    </tr>    <tr>     <td colspan=""9"">山东省建设建工（集团）有限责任公司</td>    </tr>    <tr>     <td align=""center"">1</td>     <td align=""center"">孙丰涛</td>     <td align=""center"">康虹路9班幼儿园建设项目施工总承包</td>     <td align=""center"">济南高新智慧谷投资置业有限公司</td>     <td align=""center"">山东省建设建工（集团）有限责任公司</td>     <td align=""center"">4593.11 m2</td>     <td align=""center"">23838903.880000</td>     <td align=""center"">2020年11月20日</td>     <td align=""center"">2022年08月15日</td>    </tr>    <tr>     <td colspan=""9"">中庆建设有限责任公司</td>    </tr>    <tr>     <td align=""center"">1</td>     <td align=""center"">丰贵才</td>     <td align=""center"">厦门中山南音阁演出及文化提升项目(施工)</td>     <td align=""center"">厦门市南乐团</td>     <td align=""center"">中庆建设有限责任公司</td>     <td align=""center"">1994.15 m2</td>     <td align=""center"">12721703.000000</td>     <td align=""center"">2024年12月16日</td>     <td align=""center"">2025年11月26日</td>    </tr>   </tbody>  </table>  <table>   <tbody>    <tr>     <th width=""25%"">公示时间</th>     <td width=""75%"">2026年07月04日 - 2026年07月06日</td>    </tr>    <tr>     <th width=""25%"">异议渠道和方式</th>     <td width=""75%"">许经理 0537-2895669</td>    </tr>    <tr>     <th width=""25%"">招标人异议联系人</th>     <td width=""75%"">许经理</td>    </tr>    <tr>     <th width=""25%"">招标人异议联系电话</th>     <td width=""75%"">0537-2895669</td>    </tr>    <tr>     <th width=""25%"">监管部门</th>     <td width=""75%"">济南高新区管委会规划建设部</td>    </tr>    <tr>     <th width=""25%"">投诉电话</th>     <td width=""75%"">0531-88875589</td>    </tr>   </tbody>  </table>                                       								</table>				<div></div>				<div>				关闭本页														</div>															</body></html>","[{""bidWinner"": ""山东群雄建设工程有限公司"", ""bidAmount"": ""5995143.69""}]",[[]],山东群雄建设工程有限公司,"[{""cgid"": 3458288665, ""cname"": ""宝祥建设（山东）有限公司""}, {""cgid"": 7613922834, ""cname"": ""济宁银行股份有限公司济南高新支行""}, {""cgid"": 2351139848, ""cname"": ""济南高新智慧谷投资置业有限公司""}, {""cgid"": 1235676959, ""cname"": ""济宁银行股份有限公司""}, {""cgid"": 2349183447, ""cname"": ""长春城开万家房地产开发有限公司""}, {""cgid"": 2309397996, ""cname"": ""华鑫盛建设集团有限公司""}, {""cgid"": 158820251, ""cname"": ""山东省鲁商置业有限公司""}, {""cgid"": 614972640, ""cname"": ""山东省鲁成招标有限公司""}, {""cgid"": 328870765, ""cname"": ""山东省建设建工（集团）有限责任公司""}, {""cgid"": 351673331, ""cname"": ""中庆建设有限责任公司""}, {""cgid"": 3150516626, ""cname"": ""济南一建集团有限公司""}, {""cgid"": 7368853846, ""cname"": ""横峰县产教融合职业学校""}, {""cgid"": 5152469370, ""cname"": ""济南济高东智置业有限公司""}, {""cgid"": 4227350361, ""cname"": ""济南城市发展集团资产运营管理有限公司""}, {""cgid"": 11004545275, ""cname"": ""山东农业工程学院""}, {""cgid"": 3292302210, ""cname"": ""圣雅建设集团股份有限公司""}, {""cgid"": 1232255990, ""cname"": ""海瑞林建设有限公司""}, {""cgid"": 3151863807, ""cname"": ""山东省装饰集团有限公司""}, {""cgid"": 3188387961, ""cname"": ""山东群雄建设工程有限公司""}, {""cgid"": 2316529612, ""cname"": ""香山红叶集团有限公司""}, {""cgid"": 3167138426, ""cname"": ""深圳市建侨建工集团有限公司""}, {""cgid"": 168276033, ""cname"": ""济南鸿腾实业有限公司""}, {""cgid"": 2316272786, ""cname"": ""广州市原点建设集团有限公司""}, {""cgid"": 2349341882, ""cname"": ""泰安市泰山城建投资集团有限公司""}]",,山东省,中标,,306418806
1783058400000,https://m.tianyancha.com/app/h5/bid/b15bdbb0f0f948bf902926b6b2d309a2?code=b82c&icode=5384d4632f97112e6578ec6a2fd43d53,贵州银行股份有限公司,https://ggzy.guizhou.gov.cn/tradeInfo/detailHtml?metaId=1232902214125752320,,贵州银行计算机设备和软件租赁服务采购项目（2026-2028年度金融终端账号）招标采购公告,招标公告,b15bdbb0f0f948bf902926b6b2d309a2,"<html><body><p>                </p><div>            <div>                                    来源：国有企业生产资料                发布日期：2026-07-03                            文章字号：                大                中                小            </div>        </div>        <div>            <div>                    <p>    贵州银行计算机设备和软件租赁服务采购项目（2026-2028年度金融终端账号）招标采购公告  </p>  <p><br></p>  <p>    1.1     项目名称：    贵州银行计算机设备和软件租赁服务采购项目（2026-2028年度金融终端账号）  </p>  <p>    1.2     项目编号：    GQQY-ZB2026070026  </p>  <p>    1.3     采购方式：    招标采购  </p>  <p>    1.4     邀请范围：    公开  </p>  <p>    1.5     项目所在地区：    招标人指定地点  </p>  <p>    1.6     资金来源：    自筹资金  </p>  <p>    1.7     招标条件：    本招标项目贵州银行计算机设备和软件租赁服务采购项目（2026-2028年度金融终端账号），招标人为贵州银行股份有限公司，招标项目资金为自筹。该项目已具备招标条件，现对本项目采购进行公开招标。  </p>  <p>    本次招标公告同时在：    黔云招采电子招标采购交易平台,贵州省国有企业生产资料综合服务平台,贵州省公共资源交易中心,贵州省招标投标公共服务平台,    上发布。  </p>  <p>    1贵州银行计算机设备和软件租赁服务采购项目（2026-2028年度金融终端账号），具体详见招标文件。2服务期：2026年8月14日起至2028年8月13日止，有效期两年　  </p>  <p>    任何未在《黔云招采电子招标采购交易平台》(www.e-qyzc.com)下载招标文件的法人或其它组织均不得参加本项目的投标。  </p>  <p>    4.1     标段名称：    贵州银行计算机设备和软件租赁服务采购项目（2026-2028年度金融终端账号）  </p>  <p>    4.2     标段编号：    GQQY-ZB2026070026-001  </p>  <p>    4.3     凡有意参加投标者，请于2026-07-03 14:00至2026-07-10 17:00(北京时间，下同)，登录《黔云招采电子招标采购交易平台》（www.e-qyzc.com）下载电子招标文件，相关平台操作事宜可参考黔云招采电子招标采购交易平台帮助中心。  </p>  <p>    4.4     招标文件售价：免费获取，售后不退。（招标文件费用不含邮寄费用、平台服务费）  </p>  <p>    4.5     资格要求：        1具有相应的民事行为能力，具有独立承担民事义务的能力；提供三证合一后的营业执照及法人身份证。证明材料：提供三证合一后的营业执照及法人身份证。2具有良好的商业信誉和健全的财务会计制度；提供经合法审计机构出具的2023年或2024年度财务审计报告。新成立，还未达到出具财务审计报告年限的企业具有基本户开户银行出具的资信证明。证明材料：提供经合法审计机构出具的2023年或2024年度财务审计报告。新成立，还未达到出具财务审计报告年限的企业可开具基本户开户银行出具的资信证明。3具有履行合同所必需的条件，如设备、专业技术能力。证明材料：具有履行合同所必需的条件，如设备、专业技术能力的书面承诺。4有依法缴纳税收和社会保障资金的良好记录。证明材料：提供2025年至今任意连续3个月依法缴纳税收和社会保障资金的证明材料。5信用情况良好，在最近三年经营活动中，没有重大违法记录，无行政处罚，未被列为失信被执行人。证明材料：近三年经营活动中，没有重大违法记录，无行政处罚，未被列为失信被执行人书面承诺。以及“信用中国”网站（www.creditchina.gov.cn）信用查询记录，查询时间为购买招标文件之日至开标前一天的任意时间，须加盖公章，作为信用信息查询记录和证据编入投标文件。6本项目不接受联合体投标，不允许转包或分包。证明材料：不联合体投标，不转包或分包的书面承诺。7 未被贵州银行列入不良类黑名单（限制期限已届满的除外）。证明材料：未被贵州银行列入不良类黑名单（限制期限已届满的除外）书面承诺。8 最近三年内与贵州银行无法律诉讼或违约纠纷。证明材料：最近三年内与贵州银行无法律诉讼或违约纠纷书面承诺。  </p>  <p>    4.6     其他事项：      </p>  <p>    4.7     是否接受联合体投标：    否		  </p>  <p>    4.8     投标文件递交的截止时间 (投标截止时间 ，下同 ) 为2026-07-24 11:00，投标人应在截止时间前通过《黔云招采电子招标采购交易平台》（www.e-qyzc.com）递交电子投标文件。  </p>  <p>    4.9     逾期送达的投标文件 ，电子招标投标交易平台将予以拒收。  </p>  <p>            /          </p>  <p>    招标人：    贵州银行股份有限公司  </p>  <p>    联系地址：    贵州省贵阳市观山湖永昌路9号  </p>			<p>				联系人：				陈老师    				联系电话：				0851-88606454			</p>  <p>    项目监督：      </p>  <p>    联系电话：      </p>  <p><br></p>  <p>    招标代理：    贵州省招标有限公司  </p>  <p>    联系地址：    贵州省贵安新区临时行政中心  </p>			<p>				联系人：	    		陈柏屹、付浩东、龙胜、黄亚兰、段卫龙    				联系电话：	    		0851-86822771			</p>  <p><br></p>  <p>    招标人或其招标代理机构主要负责人(项目负责人)：                (签名)  </p>  <p>    招标人或其招标代理机构：                (签章)  </p>  <p><br></p>  <p><br></p>            </div>        </div>    </body></html>",,[[]],,"[{""cgid"": 693583804, ""cname"": ""贵州省招标有限公司""}, {""cgid"": 863081964, ""cname"": ""贵州银行股份有限公司""}, {""cgid"": 596058574, ""cname"": ""贵州省公共资源交易中心""}]",,贵州省,招标公告,,306375326
1783180800000,https://m.tianyancha.com/app/h5/bid/bff5ea6c49804642a98dc2b65f2043ab?code=2da6&icode=c949a96c8dc784087eea5b613b3de10f,乐山市商业银行股份有限公司,http://www.chinazbzc.com/index.php/index/index/article?id=10508439,,"乐山市商业银行股份有限公司服务器主机安全防护系统采购项目竞争性磋商采购公告"",""typeCode"":""CGGG",招标公告,bff5ea6c49804642a98dc2b65f2043ab,"<html><body><p>                信息编号：202607092035228<br>                所属地区：北京<br>                发布日期：2026-07-05<br>        </p>            <tr>        <td align=""left"" valign=""top"">            <br>                            可能因为以下原因，造成您不能查看此信息<br>                      1、由于您长时间未浏览信息已退出登录,请 <span><strong>重新登录</strong></span><br>                      2、权限不足无法查看信息，您可以  或 升级电子招标权限 来查看信息 <br>                      3、升级咨询：010-67220685 客服电话：18516814527 （周末值班电话） <br>                        <br>            <br>        </td>    </tr>                                                                    <form data-type=""custom"" data-use-message=""0"" data-message-parent="""" data-b-func=""join_fun_b"" data-s-func=""join_fun_s"" data-e-func=""join_fun_e"" method=""post"" action=""/index.php/index/api/article_join"">    <table width=""100%"" border=""0"" align=""center"" cellpadding=""0"" cellspacing=""0"">        <tr>            <td height=""40"" colspan=""3"" align=""left"" bgcolor=""#E0F9FF"">                <strong>我要参与 >> </strong>            </td>        </tr>        <tr>            <td height=""50"" align=""right"">                *参与主题：            </td>            <td>                <input name=""aid"" value=""10508439"" title="""" hidden="""">                <span name=""title"" type=""text"" value=""乐山市商业银行股份有限公司服务器主机安全防护系统采购项目竞争性磋商采购公告"" size=""50"" title="""">乐山市商业银行股份有限公司服务器主机安全防护系统采购项目竞争性磋商采购公告"",""typeCode"":""CGGG</span>            </td>            <td>            </td>        </tr>        <tr>            <td height=""50"" align=""right""> 参与附言： </td>            <td>                <span name=""intro"" rows=""4"" title=""""></span>            </td>            <td>            </td>        </tr>        <tr>            <td height=""10"" colspan=""3"" align=""center""></td>        </tr>        <tr>            <td height=""50"" colspan=""3"" align=""left"" bgcolor=""#E0F9FF"">                <strong>联系方式 >> </strong>            </td>        </tr>        <tr>            <td height=""50"" align=""right"">                *公司名称：            </td>            <td>                <span name=""company_name"" type=""text"" size=""30"" title="""" value=""""></span>            </td>            <td>            </td>        </tr>        <tr>            <td height=""50"" align=""right"">                *联 系 人：            </td>            <td>                <span name=""name"" type=""text"" size=""30"" title="""" value=""""></span>            </td>            <td>            </td>        </tr>        <tr>            <td height=""50"" align=""right"">                *电　　话：            </td>            <td>                <span name=""homephone"" type=""text"" size=""30"" title="""" value=""""></span>            </td>            <td>            </td>        </tr>        <tr>            <td height=""50"" align=""right"">                手　　机：            </td>            <td>                <span name=""comphone"" type=""text"" size=""30"" title="""" value=""""></span>            </td>            <td>            </td>        </tr>        <tr>            <td height=""50"" align=""right"">                电子邮件：            </td>            <td>                <span name=""email"" type=""text"" size=""30"" title="""" value=""""></span>            </td>            <td>            </td>        </tr>        <tr>            <td height=""50"" colspan=""3"" align=""center"">                <input type=""submit"" value="" 立即参与 "">            </td>        </tr>    </table></form>        </body></html>",,[[]],,"[{""cgid"": 216323680, ""cname"": ""乐山市商业银行股份有限公司""}]",,四川省,其他,,306616815
1783267200000,https://m.tianyancha.com/app/h5/bid/ded04611fb2d4a05adfb589838120eb4?code=b118&icode=33812a77f16400617536d4bfada0e30c,绵阳市商业银行股份有限公司,https://www.mycc-bank.com/myccb/yhgg/whgg/6830.html,,文本过大+关于财资系统多级账簿等功能优化项目单一来源采购的公示,招标公告,ded04611fb2d4a05adfb589838120eb4,"<html><body><div><div class=""mainright2 word2"">       <p><strong><span>一、项目编号：</span></strong><span>MYCCB-CGZX-2026-</span><span>124</span></p><p><strong><span>二、项目名称：</span></strong><span>财资系统多级账簿等功能优化项目</span></p><p><strong><span>三、资金来源：</span></strong><span>自筹资金</span></p><p><strong><span>四、项目简介：</span></strong><span>根据我行对</span><span>财资</span><span>管理系统</span><span>功能</span><span>的业务需求，经信息技术部评估后需对系统进行升级改造，为更好的适应业务发展，现启动该系统升级改造项目的采购工作。</span></p><p><strong><span>五、采用单一来源采购方式的原因及说明：</span></strong></p><p><span>我行</span><span>财资</span><span>管理系统由南京恒生启金科技有限公司承建</span><span>，本次采购内容需在原系统上进行升级改造，其公司提供的技术服务完全满足我行需求。</span></p><p><span><span>综上所述，该项目符合我行采购管理办法适用单一来源采购方式中</span><span>“只能从唯一供应商处采购”的情形，拟采用单一来源采购方式实施采购。</span></span></p><p><strong><span>六、拟定供应商信息：</span></strong></p><p><span>供应商名称：</span><span>南京恒生启金科技有限公司</span></p><p><span>地址：</span><span><span>南京市建邺区梦都大街</span>1号7幢2层201-11 室</span></p><p><strong><span>七、采购文件获取方式、时间、地点：</span></strong></p><p><span>（一）报名及文件领取日期为：</span></p><p><span>2026年</span><span>7</span><span>月</span><span>6</span><span><span>日</span>9:00至2026年</span><span>7</span><span>月</span><span>10</span><span><span>日</span>17:00</span><span>（不含节假日）</span></p><p><span>（二）报名方式：</span></p><p><span><span>邮件报名（邮件名称：项目名称</span><span>+单位名称），邮件正文中需写明本项目联系人及联系方式</span></span></p><p><span>（三）在领取采购文件时应请提供以下资料：</span></p><p><span>1.公司营业执照复印件（提供复印件需加盖单位公章，法定代表人为同一个人的两个及两个人以上企业法人，只能有一个单位参加本项目的采购）；</span></p><p><span>2.公司授权书（格式自拟）；</span></p><p><span>3.授权人及被授权人身份证复印件；</span></p><p><span>以上资料均需加盖申请人单位公章的扫描件。</span></p><p><strong><span>八、公示期限：</span></strong><strong><span>5</span></strong><strong><span>个工作日</span></strong></p><p><strong><span>九、公示地址：</span></strong></p><p><span><span>本项目以公示形式在绵阳市商业银行官网（</span><span>w</span></span><span>ww.mycc-bank.com</span><span>）上发布</span></p><p><strong><span>十、联系方式</span></strong></p><p><span>采购人：绵阳市商业银行股份有限公司</span></p><p><span><span>地</span>  <span>址：四川省绵阳市涪城区临园路西段文竹街</span><span>3号绵阳市商业银行总行大楼801室</span></span></p><p><span>联系人：吴老师</span></p><p><span><span>电</span>  <span>话：</span></span><span>0816-2537633</span></p><p><span><span>邮</span> </span><span> </span><span>箱：</span><p href=""mailto:wuhx0278@mycc-bank.com""><span><span>wuhx0278@mycc-bank.com</span></span></p></p><p><span><br></span></p><p><span><br></span></p><p><span><br></span></p><p><span><br></span></p><p><span><br></span></p><p><span><br></span></p><p><span><br></span></p><p><span><br></span></p><p><span><font>                             </font>2026年</span><span>7</span><span>月2</span><span>日</span></p><p><br></p>                      <p class=""clearfix h40""></p> </div>    </div></body></html>",,[[]],,"[{""cgid"": 216318605, ""cname"": ""绵阳市商业银行股份有限公司""}, {""cgid"": 6157908637, ""cname"": ""南京恒生启金科技有限公司""}]",,四川省,其他,,306618640
1783063800000,https://m.tianyancha.com/app/h5/bid/e3cff6bca69343f589588701f1d85341?code=75e0&icode=e3e073131f4549ea753fb975d2155471,贵州银行股份有限公司,https://ggzy.guizhou.gov.cn/tradeInfo/detailHtml?metaId=1232926429348499456,,贵州银行应用软件开发服务采购项目（统一支付平台XC改造项目）(二次)招标采购公告,招标公告,e3cff6bca69343f589588701f1d85341,"<html><body><p>                </p><div>            <div>                                    来源：国有企业生产资料                发布日期：2026-07-03                            文章字号：                大                中                小            </div>        </div>        <div>            <div>                    <p>    贵州银行应用软件开发服务采购项目（统一支付平台XC改造项目）(二次)招标采购公告  </p>  <p><br></p>  <p>    1.1     项目名称：    贵州银行应用软件开发服务采购项目（统一支付平台XC改造项目）(二次)  </p>  <p>    1.2     项目编号：    GQQY-ZB2026060092-1  </p>  <p>    1.3     采购方式：    招标采购  </p>  <p>    1.4     邀请范围：    公开  </p>  <p>    1.5     项目所在地区：    贵州省贵阳市观山湖区永昌路9号  </p>  <p>    1.6     资金来源：    自筹资金  </p>  <p>    1.7     招标条件：    /  </p>  <p>    本次招标公告同时在：    黔云招采电子招标采购交易平台,贵州省国有企业生产资料综合服务平台,贵州省公共资源交易中心,贵州省招标投标公共服务平台,    上发布。  </p>  <p>    贵州银行应用软件开发服务采购项目（统一支付平台XC改造项目）  </p>  <p>    任何未在《黔云招采电子招标采购交易平台》(www.e-qyzc.com)下载招标文件的法人或其它组织均不得参加本项目的投标。  </p>  <p>    4.1     标段名称：    贵州银行应用软件开发服务采购项目（统一支付平台XC改造项目）(二次)  </p>  <p>    4.2     标段编号：    GQQY-ZB2026060092-001-2  </p>  <p>    4.3     凡有意参加投标者，请于2026-07-04 00:00至2026-07-17 17:00(北京时间，下同)，登录《黔云招采电子招标采购交易平台》（www.e-qyzc.com）下载电子招标文件，相关平台操作事宜可参考黔云招采电子招标采购交易平台帮助中心。  </p>  <p>    4.4     招标文件售价：免费获取，售后不退。（招标文件费用不含邮寄费用、平台服务费）  </p>  <p>    4.5     资格要求：        /  </p>  <p>    4.6     其他事项：      </p>  <p>    4.7     是否接受联合体投标：    否		  </p>  <p>    4.8     投标文件递交的截止时间 (投标截止时间 ，下同 ) 为2026-07-24 11:00，投标人应在截止时间前通过《黔云招采电子招标采购交易平台》（www.e-qyzc.com）递交电子投标文件。  </p>  <p>    4.9     逾期送达的投标文件 ，电子招标投标交易平台将予以拒收。  </p>  <p>            /          </p>  <p>    招标人：    贵州银行股份有限公司  </p>  <p>    联系地址：    贵州省贵阳市观山湖永昌路9号  </p>			<p>				联系人：				桂老师    				联系电话：				18275147173			</p>  <p>    项目监督：      </p>  <p>    联系电话：      </p>  <p><br></p>  <p>    招标代理：    贵州卫虹招标有限公司  </p>  <p>    联系地址：    贵州省贵阳市云岩区中华中路时代广场1幢18层1-4号  </p>			<p>				联系人：	    		卢凯、吴国仙、罗进梅    				联系电话：	    		18798040408			</p>  <p><br></p>  <p>    招标人或其招标代理机构主要负责人(项目负责人)：                (签名)  </p>  <p>    招标人或其招标代理机构：                (签章)  </p>  <p><br></p>  <p><br></p>            </div>        </div>    </body></html>",,[[]],,"[{""cgid"": 3019276396, ""cname"": ""贵州卫虹招标有限公司""}, {""cgid"": 863081964, ""cname"": ""贵州银行股份有限公司""}, {""cgid"": 596058574, ""cname"": ""贵州省公共资源交易中心""}]",,贵州省,招标公告,,306380974
